id,flow_id,question_id,type,prompt,image,options,correct_answer,category,difficulty,has_reinforcement,order_index,created_at,subskill,subtitle,sequence,display_ms,target_position,sequence_variant,target_delay_ms,time_limit_ms
b37e5587-0a4c-415a-b5eb-608a264c7e8a,a0000000-0000-0000-0000-000000000001,101,likert,I tend to think things through before making decisions.,,"[""Strongly Disagree"", ""Disagree"", ""Neutral"", ""Agree"", ""Strongly Agree""]",,self,1,f,1,2026-03-04 15:15:48.186775+00,,,,,,,,
a6096b57-0531-4ebf-8ea7-06198152ce77,a0000000-0000-0000-0000-000000000001,102,likert,I enjoy solving puzzles and brain teasers in my free time.,,"[""Strongly Disagree"", ""Disagree"", ""Neutral"", ""Agree"", ""Strongly Agree""]",,self,1,f,2,2026-03-04 15:15:48.186775+00,,,,,,,,
af7820ee-63bd-45c8-adb8-b99003b95a1e,a0000000-0000-0000-0000-000000000001,103,likert,People often come to me when they need help figuring something out.,,"[""Strongly Disagree"", ""Disagree"", ""Neutral"", ""Agree"", ""Strongly Agree""]",,self,1,f,3,2026-03-04 15:15:48.186775+00,,,,,,,,
84ebf2e0-c7f0-4501-a74f-9e00579b5369,a0000000-0000-0000-0000-000000000001,104,likert,I pick up new skills faster than most people I know.,,"[""Strongly Disagree"", ""Disagree"", ""Neutral"", ""Agree"", ""Strongly Agree""]",,self,1,f,4,2026-03-04 15:15:48.186775+00,,,,,,,,
0862a124-5842-429d-afe1-5f43f44ebb81,a0000000-0000-0000-0000-000000000001,105,likert,I enjoy finding creative solutions to everyday problems.,,"[""Strongly Disagree"", ""Disagree"", ""Neutral"", ""Agree"", ""Strongly Agree""]",,self,1,f,5,2026-03-04 15:15:48.186775+00,,,,,,,,
960c6149-71b8-4c48-924e-84f2f7d4cd57,a0000000-0000-0000-0000-000000000001,106,likert,I notice details that other people tend to miss.,,"[""Strongly Disagree"", ""Disagree"", ""Neutral"", ""Agree"", ""Strongly Agree""]",,self,1,f,6,2026-03-04 15:15:48.186775+00,,,,,,,,
8e891dfb-835b-4a42-b315-23d242bcb428,a0000000-0000-0000-0000-000000000001,107,likert,I believe my intelligence is one of my strongest qualities.,,"[""Strongly Disagree"", ""Disagree"", ""Neutral"", ""Agree"", ""Strongly Agree""]",,self,1,f,7,2026-03-04 15:15:48.186775+00,,,,,,,,
69d81c1e-00f5-4751-88b2-41942d1e6932,a0000000-0000-0000-0000-000000000001,201,analogy,Hot is to Cold as Day is to ___,,"[""Night"", ""Morning"", ""Sun"", ""Dark""]",0,logic,1,f,8,2026-03-04 15:15:48.186775+00,,,,,,,,
59506827-cfde-4247-ab27-989621fd9c08,a0000000-0000-0000-0000-000000000001,202,analogy,Dog is to Puppy as Cat is to ___,,"[""Kitten"", ""Cub"", ""Pup"", ""Foal""]",0,logic,1,f,9,2026-03-04 15:15:48.186775+00,,,,,,,,
b3cdf0e0-e2e5-4987-94d6-f20e4ffb0a0a,a0000000-0000-0000-0000-000000000001,203,sequence,"What comes next? 2, 4, 6, 8, ___",,"[""10"", ""12"", ""9"", ""11""]",0,pattern,1,f,10,2026-03-04 15:15:48.186775+00,,,,,,,,
b24f92ea-8637-4d72-9381-2b0610d13398,a0000000-0000-0000-0000-000000000001,204,sequence,"What comes next? 5, 10, 15, 20, ___",,"[""25"", ""30"", ""22"", ""24""]",0,pattern,1,f,11,2026-03-04 15:15:48.186775+00,,,,,,,,
b6414ed2-4c52-4d03-88a4-6ae384955f20,a0000000-0000-0000-0000-000000000001,205,multipleChoice,"If all dogs are animals, and Rex is a dog, what must be true?",,"[""Rex is an animal"", ""Rex is a cat"", ""All animals are dogs"", ""Rex is not real""]",0,logic,1,f,12,2026-03-04 15:15:48.186775+00,,,,,,,,
59962cbd-a3eb-4237-9a66-0f06baec9245,e0000000-0000-0000-0000-000000000001,1007,visualPuzzle,Choose your answer:,static_q14,"[""A"", ""B"", ""C"", ""D"", ""E"", ""F""]",4,spatial,2,f,1,2026-06-26 16:19:42.122484+00,pattern recognition,,,,,,,
c211d028-7841-48f6-90cb-46d7b6292fcd,e0000000-0000-0000-0000-000000000001,1010,oddOneOut,Which one doesn't belong?,,"[""▲"", ""▲"", ""▲"", ""▼"", ""▲"", ""▲""]",3,pattern,1,t,2,2026-06-26 16:19:42.122484+00,visual attention,,,,,,,3000
824bd6b0-deca-42a8-8790-66dc7b1864e9,e0000000-0000-0000-0000-000000000001,1006,memorySequence,Memorize this sequence,,"[""7"", ""2"", ""9"", ""4"", ""5"", ""1""]",1,logic,1,f,3,2026-06-26 16:19:42.122484+00,working memory,You'll be asked about a specific position.,"[""7"", ""2"", ""9"", ""4""]",3000,2,digit,,
b828daee-f2a1-4506-adf3-dc2b83070d04,e0000000-0000-0000-0000-000000000001,1023,multipleChoice,Bird is to nest as bee is to:,,"[""Honey"", ""Flower"", ""Hive"", ""Wing"", ""Insect""]",2,logic,1,f,4,2026-06-26 16:19:42.122484+00,verbal analogy,,,,,,,
a2e7af9c-df5c-4bb0-8a09-4c7321888117,e0000000-0000-0000-0000-000000000001,1012,visualPuzzle,Choose your answer:,static_q17,"[""A"", ""B"", ""C"", ""D"", ""E"", ""F""]",4,pattern,2,f,5,2026-06-26 16:19:42.122484+00,attribute matrix,,,,,,,
7120659d-3ee4-4b0b-8967-46d7992bb14d,e0000000-0000-0000-0000-000000000001,1003,likert,I enjoy solving problems and puzzles.,,"[""Strongly disagree"", ""Disagree"", ""Neutral"", ""Agree"", ""Strongly agree""]",,self,1,t,6,2026-06-26 16:19:42.122484+00,self-perception,,,,,,,
255a0b26-8be3-4a0e-a646-e7e5828b73bf,e0000000-0000-0000-0000-000000000001,1008,memorySequence,Memorize this sequence,,"[""K"", ""R"", ""M"", ""T"", ""B"", ""L""]",3,logic,2,f,7,2026-06-26 16:19:42.122484+00,working memory,You'll be asked about a specific position.,"[""K"", ""R"", ""M"", ""T"", ""B""]",3500,4,letter,,
576dffcd-a2c5-4869-ab20-07dd538c10ec,e0000000-0000-0000-0000-000000000001,1022,multipleChoice,"Which number comes next? 2, 6, 12, 20, 30, ?",,"[""36"", ""40"", ""42"", ""44"", ""48""]",2,pattern,2,f,8,2026-06-26 16:19:42.122484+00,numeric sequence,,,,,,,
a4c8e6d6-89f3-4533-888c-7ced5ab1945b,e0000000-0000-0000-0000-000000000001,1016,oddOneOut,Which one doesn't belong?,,"[""●"", ""●"", ""■"", ""●"", ""●"", ""●""]",2,pattern,1,f,9,2026-06-26 16:19:42.122484+00,visual attention,,,,,,,3000
1df636a4-c4b2-481d-969a-3fa257fcc1cf,e0000000-0000-0000-0000-000000000001,1024,multipleChoice,Pen is to writing as knife is to:,,"[""Kitchen"", ""Spoon"", ""Cutting"", ""Plate"", ""Food""]",2,logic,1,f,10,2026-06-26 16:19:42.122484+00,verbal analogy,,,,,,,
9d16b280-631d-4310-a0fa-739f211fccd2,a0000000-0000-0000-0000-000000000001,206,visualPuzzle,Which pattern completes the grid?,static_q14,[],3,logic,2,t,13,2026-03-04 15:15:48.186775+00,,,,,,,,
b50fda23-a6ec-4a61-8053-6f064d83eaa4,a0000000-0000-0000-0000-000000000001,207,visualPuzzle,Which pattern completes the grid?,static_q15,[],2,spatial,2,f,14,2026-03-04 15:15:48.186775+00,,,,,,,,
d5ce1559-3197-432a-9e50-e61e6206e5d0,a0000000-0000-0000-0000-000000000001,209,visualPuzzle,"What comes next? 1, 3, 5, 7, ___",static_q17,"[""9"", ""8"", ""10"", ""11""]",0,pattern,2,f,16,2026-03-04 15:15:48.186775+00,,,,,,,,
b64a4093-1350-4193-8f0b-809c6016c63e,a0000000-0000-0000-0000-000000000001,210,visualPuzzle,A clock shows 3:00. What angle do the hands make?,static_q18,"[""90 degrees"", ""180 degrees"", ""45 degrees"", ""120 degrees""]",2,spatial,2,f,17,2026-03-04 15:15:48.186775+00,,,,,,,,
480aaea9-966a-411f-95c2-803a170a632b,a0000000-0000-0000-0000-000000000001,211,visualPuzzle,"If today is Monday, what day is it in 2 days?",static_q19,"[""Wednesday"", ""Tuesday"", ""Thursday"", ""Sunday""]",2,speed,3,f,18,2026-03-04 15:15:48.186775+00,,,,,,,,
a138749b-bb50-46e2-b784-b6332d0875fe,a0000000-0000-0000-0000-000000000001,212,visualPuzzle,"Which number is the largest? 0.5, 0.25, 0.75, 0.1",static_q20,"[""0.5"", ""0.25"", ""0.75"", ""0.1""]",3,speed,3,f,19,2026-03-04 15:15:48.186775+00,,,,,,,,
e6fad3fb-acc6-4b64-9021-10c506f80cd1,a0000000-0000-0000-0000-000000000001,301,visualPuzzle,Telescope is to Stars as Microscope is to ___,static_q21,"[""Cells"", ""Laboratory"", ""Science"", ""Light""]",5,logic,3,f,20,2026-03-04 15:16:07.896738+00,,,,,,,,
15d75a0d-2a41-4402-8a2e-663d96938e81,a0000000-0000-0000-0000-000000000001,302,visualPuzzle,"What comes next? 3, 6, 12, 24, ___",static_q22,"[""36"", ""48"", ""30"", ""42""]",0,pattern,3,f,21,2026-03-04 15:16:07.896738+00,,,,,,,,
6733b6e1-f3d8-4d78-8f8c-4a3283c78d40,a0000000-0000-0000-0000-000000000001,303,visualPuzzle,Architect is to Building as Composer is to ___,static_q23,"[""Symphony"", ""Piano"", ""Stage"", ""Musician""]",3,logic,3,f,22,2026-03-04 15:16:07.896738+00,,,,,,,,
4ade4cad-f420-425c-8e5c-e9f121f0ae5e,a0000000-0000-0000-0000-000000000001,304,visualPuzzle,"What comes next? 1, 4, 9, 16, ___",static_q24,"[""20"", ""24"", ""25"", ""30""]",2,pattern,3,t,23,2026-03-04 15:16:07.896738+00,,,,,,,,
26066931-e51b-48f8-9215-da332475413f,a0000000-0000-0000-0000-000000000001,307,visualPuzzle,Which image completes the pattern?,static_q27,"[""A"", ""B"", ""C"", ""D"", ""E"", ""F""]",5,spatial,3,f,26,2026-03-04 15:16:07.896738+00,,,,,,,,
c3dd5a89-5741-4727-a3af-31b945309a75,a0000000-0000-0000-0000-000000000001,308,multipleChoice,"If it takes 5 machines 5 minutes to make 5 widgets, how long would it take 100 machines to make 100 widgets?",,"[""100 minutes"", ""5 minutes"", ""20 minutes"", ""50 minutes""]",1,logic,2,f,27,2026-03-04 15:16:07.896738+00,,,,,,,,
dc257ed5-eeed-468c-94d1-e202bcc9d66a,a0000000-0000-0000-0000-000000000001,311,sequence,"What comes next? 1, 1, 2, 3, 5, ___",,"[""6"", ""7"", ""8"", ""9""]",2,pattern,2,f,30,2026-03-04 15:16:07.896738+00,,,,,,,,
25d98438-ab32-4ab9-be72-c2ae51ecd9c9,e0000000-0000-0000-0000-000000000001,1011,memorySequence,Memorize this sequence,,"[""red"", ""blue"", ""green"", ""yellow"", ""purple"", ""orange""]",2,logic,2,f,11,2026-06-26 16:19:42.122484+00,working memory,You'll be asked about a specific position.,"[""red"", ""blue"", ""green"", ""yellow"", ""purple""]",3500,3,color,,
8498e5f5-ef2a-44fb-a2f9-5c09c8050770,e0000000-0000-0000-0000-000000000001,1017,visualPuzzle,Choose your answer:,static_q21,"[""A"", ""B"", ""C"", ""D"", ""E"", ""F""]",3,logic,2,t,12,2026-06-26 16:19:42.122484+00,shape transformation,,,,,,,
be4feb4e-4683-436e-99e8-9c79465888d2,e0000000-0000-0000-0000-000000000001,1009,multipleChoice,"If today is Wednesday, what day will it be 100 days from now?",,"[""Friday"", ""Saturday"", ""Sunday"", ""Monday"", ""Tuesday""]",0,logic,2,f,13,2026-06-26 16:19:42.122484+00,mental arithmetic,,,,,,,
13e62860-18f7-4db4-86a1-edb31e61ba02,e0000000-0000-0000-0000-000000000001,1004,likert,I often try to find patterns in things around me.,,"[""Strongly disagree"", ""Disagree"", ""Neutral"", ""Agree"", ""Strongly agree""]",,self,1,f,14,2026-06-26 16:19:42.122484+00,self-perception,,,,,,,
29980f80-93bb-4959-9387-8431118db786,e0000000-0000-0000-0000-000000000001,1015,memorySequence,Memorize this sequence,,"[""3"", ""K"", ""@"", ""M"", ""1"", ""T""]",4,logic,3,f,15,2026-06-26 16:19:42.122484+00,working memory,You'll be asked about a specific position.,"[""3"", ""K"", ""@"", ""M"", ""1"", ""T""]",4000,5,mixed,,
9d8f7b53-9b3f-47b6-b234-353fc9673644,e0000000-0000-0000-0000-000000000001,1020,oddOneOut,Which one doesn't belong?,,"[""◆"", ""◆"", ""◆"", ""◆"", ""◇"", ""◆""]",4,pattern,2,f,16,2026-06-26 16:19:42.122484+00,visual attention,,,,,,,3000
76b15e11-5e9e-4f39-9cd0-d475758a5375,e0000000-0000-0000-0000-000000000001,1025,multipleChoice,"If
secure = 825172

Then
rescue = ?",,"[""728512"", ""782512"", ""725812"", ""728152"", ""872512"", ""728521""]",0,pattern,2,f,17,2026-06-26 16:19:42.122484+00,letter-to-number mapping,Which sequence is correct?,,,,,,
6a447185-970f-41e2-97cd-8cd5f12c35d8,e0000000-0000-0000-0000-000000000001,1021,visualPuzzle,Choose your answer:,static_q23,"[""A"", ""B"", ""C"", ""D"", ""E"", ""F""]",0,pattern,1,t,18,2026-06-26 16:19:42.122484+00,nested rule extraction,,,,,,,
488056ad-d30e-4002-aaad-187cb895d74b,e0000000-0000-0000-0000-000000000001,1019,memorySequence,Memorize this sequence,,"[""5"", ""B"", ""2"", ""#"", ""9"", ""1""]",5,logic,3,f,19,2026-06-26 16:19:42.122484+00,working memory,You'll be asked about a specific position.,"[""5"", ""B"", ""2"", ""#"", ""9"", ""1"", ""R""]",4500,6,mixed,,
06db363f-f694-4dbf-85e9-025384baec93,a0000000-0000-0000-0000-000000000001,208,visualPuzzle,Book is to Reading as Fork is to ___,static_q16,"[""Eating"", ""Cooking"", ""Kitchen"", ""Spoon""]",4,logic,2,f,15,2026-03-04 15:15:48.186775+00,,,,,,,,
69f58a66-a87d-412d-86aa-1be80d9a1c38,e0000000-0000-0000-0000-000000000001,1018,multipleChoice,A bat and ball cost $1.10 total. The bat costs $1 more than the ball. How much does the ball cost?,,"[""$0.05"", ""$0.10"", ""$0.15"", ""$0.20"", ""$1.00""]",0,logic,3,f,20,2026-06-26 16:19:42.122484+00,analytical reasoning,,,,,,,
ae7b864a-7cf7-4d0e-93c2-0f85769d9c98,a0000000-0000-0000-0000-000000000001,306,visualPuzzle,Which image completes the pattern?,static_q26,"[""A"", ""B"", ""C"", ""D"", ""E"", ""F""]",3,pattern,2,f,25,2026-03-04 15:16:07.896738+00,,,,,,,,
eabeeb3b-c651-453d-bf29-63a6a3b4d193,a0000000-0000-0000-0000-000000000001,405,multipleChoice,Three switches outside a room control three bulbs inside. You can enter the room only once. How can you determine which switch controls which bulb?,,"[""Turn on all three and check"", ""Turn on one, wait, turn on second, enter"", ""It's impossible"", ""Use a mirror""]",1,logic,3,f,41,2026-03-04 15:16:26.921812+00,,,,,,,,
63b186f7-757b-4ee8-9512-7f298c53fc87,a0000000-0000-0000-0000-000000000001,406,analogy,Entropy is to Disorder as Inertia is to ___,,"[""Resistance to change"", ""Acceleration"", ""Gravity"", ""Energy""]",0,logic,3,f,42,2026-03-04 15:16:26.921812+00,,,,,,,,
77ec1b5c-bdd1-4f9e-9d05-47a02001d095,a0000000-0000-0000-0000-000000000001,407,sequence,"What comes next? 2, 3, 5, 7, 11, 13, ___",,"[""15"", ""17"", ""16"", ""19""]",1,pattern,3,f,43,2026-03-04 15:16:26.921812+00,,,,,,,,
52f37b82-2652-4ea9-b35f-3269064a89ef,a0000000-0000-0000-0000-000000000001,408,spatial,"If you rotate a 3D L-shaped piece 90° clockwise around the vertical axis, then flip it horizontally, which orientation results?",,"[""Mirrored original"", ""Same as original"", ""Upside-down L"", ""Backwards rotated L""]",0,spatial,3,f,44,2026-03-04 15:16:26.921812+00,,,,,,,,
a05029a8-9e3a-4a9d-8210-0deccafad0b0,a0000000-0000-0000-0000-000000000001,409,multipleChoice,"You have 12 coins, one is counterfeit (different weight). Using a balance scale only 3 times, can you always find the counterfeit coin?",,"[""Yes, and determine if heavier or lighter"", ""Yes, but not if heavier or lighter"", ""No, you need 4 weighings"", ""Only if you know it's heavier""]",0,logic,3,f,45,2026-03-04 15:16:26.921812+00,,,,,,,,
45255a68-b0a7-40be-915d-66f4c3d1363e,a0000000-0000-0000-0000-000000000001,410,spatial,"A cube is painted red on all faces, then cut into 27 equal smaller cubes. How many small cubes have exactly one red face?",,"[""6"", ""8"", ""12"", ""1""]",0,spatial,3,f,46,2026-03-04 15:16:26.921812+00,,,,,,,,
1bafe508-ca4f-44b1-87d2-ff8dd216b124,a0000000-0000-0000-0000-000000000001,411,multipleChoice,"If the day after tomorrow is two days before Thursday, what day is it today?",,"[""Sunday"", ""Monday"", ""Saturday"", ""Tuesday""]",1,speed,3,f,47,2026-03-04 15:16:26.921812+00,,,,,,,,
e07420f2-cf8a-4f37-ad48-1d9100bc83a4,a0000000-0000-0000-0000-000000000001,412,sequence,"What comes next? 1, 2, 6, 24, 120, ___",,"[""240"", ""720"", ""600"", ""480""]",1,pattern,3,f,48,2026-03-04 15:16:26.921812+00,,,,,,,,
03243c8d-372d-43bd-9bae-c43329da7eb3,a0000000-0000-0000-0000-000000000001,403,multipleChoice,A snail climbs 3 feet up a wall each day but slips back 2 feet each night. How many days to reach the top of a 10-foot wall?,,"[""10 days"", ""8 days"", ""7 days"", ""9 days""]",1,logic,3,f,39,2026-03-04 15:16:26.921812+00,,,,,,,,
3fa34278-1547-48a1-b710-465eeca4b360,a0000000-0000-0000-0000-000000000001,309,analogy,Painter is to Canvas as Writer is to ___,,"[""Page"", ""Pen"", ""Library"", ""Story""]",0,logic,2,t,28,2026-03-04 15:16:07.896738+00,,,,,,,,
615e1aab-d0d3-4c30-95be-20c2c0a3d7cb,a0000000-0000-0000-0000-000000000001,312,multipleChoice,A farmer has 17 sheep. All but 9 run away. How many are left?,,"[""8"", ""9"", ""7"", ""17"", ""0""]",1,logic,2,f,31,2026-03-04 15:16:07.896738+00,,,,,,,,
1aea28d2-a426-4c02-86e8-b06069847b59,a0000000-0000-0000-0000-000000000001,404,sequence,"What comes next? 0, 1, 1, 2, 4, 7, 13, ___",,"[""20"", ""24"", ""21"", ""26""]",1,pattern,3,f,40,2026-03-04 15:16:26.921812+00,,,,,,,,
9d70133e-68b1-4032-9d0a-f9368683b528,b0000000-0000-0000-0000-000000000001,1,likert,I like challenges that reveal how I think.,,"[""Strongly Disagree"", ""Disagree"", ""Neutral"", ""Agree"", ""Strongly Agree""]",,self,1,f,1,2026-03-17 01:46:19.595887+00,self-efficacy,,,,,,,
e9f54afc-4956-48e6-b40c-9f93683afe59,b0000000-0000-0000-0000-000000000001,2,likert,I often find patterns in things around me.,,"[""Strongly disagree"", ""Disagree"", ""Neutral"", ""Agree"", ""Strongly agree""]",,pattern,1,f,2,2026-03-17 01:46:19.595887+00,deductive reasoning,,,,,,,
fe862c5b-ee28-4b72-896f-0548386d2d01,b0000000-0000-0000-0000-000000000001,3,multipleChoice,A farmer has 17 sheep. All but 9 run away. How many are left?,,"[""8"", ""9"", ""7"", ""17"", ""0""]",1,speed,1,f,3,2026-03-17 01:46:19.595887+00,quick recall,,,,,,,
c9a1e9cd-abaf-49fc-874d-4ad20e2972c0,b0000000-0000-0000-0000-000000000001,4,multipleChoice,How many sides does a hexagon have?,,"[""5"", ""6"", ""4"", ""7"", ""8""]",1,logic,1,f,4,2026-03-17 01:46:19.595887+00,metacognition,,,,,,,
d3d8a487-c034-482a-ab2b-e7db53f4731a,b0000000-0000-0000-0000-000000000001,5,likert,I enjoy solving problems and puzzles,,"[""Strongly Disagree"", ""Disagree"", ""Neutral"", ""Agree"", ""Strongly Agree""]",,logic,1,f,5,2026-03-17 01:46:19.595887+00,numeric sequence,,,,,,,
d1604fe5-90a3-4df8-ba8e-591302edb643,b0000000-0000-0000-0000-000000000001,6,sequence,"2, 4, 6, 8, ___

What number completes the pattern?",,"[""8"", ""9"", ""10"", ""11"", ""12""]",2,logic,2,f,6,2026-03-17 01:46:19.595887+00,arithmetic reasoning,,,,,,,
129dd7d9-d4ee-4302-b291-473ac1819306,b0000000-0000-0000-0000-000000000001,7,sequence,"1, 3, 6, 10, ___

What number completes the pattern?",,"[""11"", ""12"", ""13"", ""14"", ""15""]",4,pattern,2,f,7,2026-03-17 01:46:19.595887+00,verbal analogy,,,,,,,
709d62e8-6682-42fd-aaff-c8158f6421fa,b0000000-0000-0000-0000-000000000001,8,analogy,"7, 14, 21, ___, 35

What number is missing?",,"[""24"", ""26"", ""28"", ""30"", ""32""]",2,pattern,2,f,8,2026-03-17 01:46:19.595887+00,verbal analogy,,,,,,,
5c5b6908-875d-4bbf-87f1-f1838270b157,b0000000-0000-0000-0000-000000000001,9,multiple_choice,Bird is to nest as bee is to:,,"[""Honey"", ""Flower"", ""Hive"", ""Wing"", ""Insect""]",2,self,1,f,9,2026-03-17 01:46:19.595887+00,attention,,,,,,,
5be626e3-5895-4336-ab82-4ca2bf4447da,b0000000-0000-0000-0000-000000000001,10,multiple_choice,Pen is to writing as knife is to:,,"[""Kitchen"", ""Spoon"", ""Cutting"", ""Plate"", ""Food""]",2,self,1,f,10,2026-03-17 01:46:19.595887+00,spatial self-assessment,,,,,,,
c31f69c8-6fbb-417a-834f-09ac199f579a,b0000000-0000-0000-0000-000000000001,11,likert,I often notice patterns that others miss.,,"[""Strongly Disagree"", ""Disagree"", ""Neutral"", ""Agree"", ""Strongly Agree""]",,spatial,1,f,11,2026-03-17 01:46:19.595887+00,grid completion,,,,,,,
ff6e7578-c78a-45a9-a643-532326f7cc20,b0000000-0000-0000-0000-000000000001,12,likert,I can quickly understand complex diagrams or charts.,,"[""Strongly Disagree"", ""Disagree"", ""Neutral"", ""Agree"", ""Strongly Agree""]",,spatial,1,f,12,2026-03-17 01:46:19.595887+00,directional pattern,,,,,,,
7972bf28-4735-4547-aa2d-1db7f41f5c19,a0000000-0000-0000-0000-000000000001,305,visualPuzzle,Which image completes the pattern?,static_q25,"[""A"", ""B"", ""C"", ""D"", ""E"", ""F""]",0,pattern,3,f,24,2026-03-04 15:16:07.896738+00,,,,,,,,
b8983bf8-ce7d-4ece-afbc-d1dd81ff1aa4,a0000000-0000-0000-0000-000000000001,310,spatial,"A mirror reflects an image. If you raise your left hand, which hand appears to rise in the mirror?",,"[""Left hand"", ""Right hand"", ""Both hands"", ""Neither hand""]",1,spatial,2,f,29,2026-03-04 15:16:07.896738+00,,,,,,,,
c9d09646-80f1-43d1-ac96-aa2b99b9a537,a0000000-0000-0000-0000-000000000001,313,multipleChoice,"In a race, you overtake the person in 2nd place. What position are you in now?",,"[""1st"", ""2nd"", ""3rd"", ""It depends""]",1,speed,2,f,32,2026-03-04 15:16:07.896738+00,,,,,,,,
b9ed2bbb-3ccc-40f6-a59b-1230a6de4c97,a0000000-0000-0000-0000-000000000001,314,spatial,Which of these letters looks identical when mirrored left-to-right?,,"[""A"", ""R"", ""F"", ""G""]",0,spatial,2,f,33,2026-03-04 15:16:07.896738+00,,,,,,,,
b4049ae6-f151-482e-ba87-0ab91f1d0eb8,a0000000-0000-0000-0000-000000000001,315,sequence,"What comes next? 4, 9, 16, 25, ___",,"[""30"", ""36"", ""42"", ""49""]",1,pattern,2,f,34,2026-03-04 15:16:07.896738+00,,,,,,,,
ffa38f41-450e-46ab-a599-2167e8713264,a0000000-0000-0000-0000-000000000001,316,multipleChoice,Which month of the year has 28 days?,,"[""February only"", ""All of them"", ""None of them"", ""February and March""]",1,speed,2,f,35,2026-03-04 15:16:07.896738+00,,,,,,,,
28a220fe-1c31-409e-8776-3f6af4a5c4d5,a0000000-0000-0000-0000-000000000001,317,multipleChoice,"If some doctors are teachers and some teachers are artists, which must be true?",,"[""Some doctors are artists"", ""No doctors are artists"", ""All teachers are doctors"", ""None of the above must be true""]",3,logic,2,f,36,2026-03-04 15:16:07.896738+00,,,,,,,,
e47f8eea-e1d6-4414-a7cb-0c6faffaa0da,a0000000-0000-0000-0000-000000000001,401,multipleChoice,"If no A are B, all B are C, and some C are D, which must be true?",,"[""Some A are D"", ""No A are B"", ""All D are A"", ""Some B are D""]",1,logic,3,f,37,2026-03-04 15:16:26.921812+00,,,,,,,,
bd664fc7-fa26-4cc4-a815-1d329f2a207d,a0000000-0000-0000-0000-000000000001,402,sequence,"What comes next? 1, 4, 10, 22, 46, ___",,"[""94"", ""88"", ""92"", ""90""]",0,pattern,3,f,38,2026-03-04 15:16:26.921812+00,,,,,,,,
349354d1-2f3a-49cc-bfa9-3f989b497f3f,b0000000-0000-0000-0000-000000000001,14,visualPuzzle,Choose your answer:,static_q14,"[""A"", ""B"", ""C"", ""D"", ""E"", ""F""]",4,spatial,2,t,13,2026-03-17 01:46:19.595887+00,tiling,,,,,,,
71deebbb-b8f2-4b60-bc67-d9e352a378cc,b0000000-0000-0000-0000-000000000001,16,visualPuzzle,Choose your answer:,static_q16,"[""A"", ""B"", ""C"", ""D"", ""E"", ""F""]",0,spatial,2,f,14,2026-03-17 01:46:19.595887+00,fragment matching,,,,,,,
ee223c92-a793-4e1f-b50d-e0cd08283f98,b0000000-0000-0000-0000-000000000001,17,visualPuzzle,Choose your answer:,static_q17,"[""A"", ""B"", ""C"", ""D"", ""E"", ""F""]",2,pattern,2,f,15,2026-03-17 01:46:19.595887+00,attribute matrix,,,,,,,
cc9e1aab-61dc-4e95-9a5c-efc4d12ed40a,b0000000-0000-0000-0000-000000000001,18,visualPuzzle,Choose your answer:,static_q18,"[""A"", ""B"", ""C"", ""D"", ""E"", ""F""]",2,pattern,3,f,16,2026-03-17 01:46:19.595887+00,attribute matrix,,,,,,,
405c1c12-4105-44e3-9f4b-78a165c69ddc,b0000000-0000-0000-0000-000000000001,19,visualPuzzle,Choose your answer:,static_q19,"[""A"", ""B"", ""C"", ""D"", ""E"", ""F""]",0,pattern,3,f,17,2026-03-17 01:46:19.595887+00,attribute matrix,,,,,,,
e1acdd77-28d4-4383-be03-1fa12c9c05cb,b0000000-0000-0000-0000-000000000001,20,visualPuzzle,Choose your answer:,static_q20,"[""A"", ""B"", ""C"", ""D"", ""E"", ""F""]",3,pattern,3,t,18,2026-03-17 01:46:19.595887+00,attribute matrix,,,,,,,
9abdf1c9-6f5c-4448-abd1-ae8f61ddd89e,b0000000-0000-0000-0000-000000000001,21,visualPuzzle,Choose your answer:,static_q21,"[""A"", ""B"", ""C"", ""D"", ""E"", ""F""]",0,logic,2,f,19,2026-03-17 01:46:19.595887+00,shape transformation,,,,,,,
3ee29c44-adcd-42bd-868c-03e2c2b61b5f,b0000000-0000-0000-0000-000000000001,22,visualPuzzle,Choose your answer:,static_q22,"[""A"", ""B"", ""C"", ""D"", ""E"", ""F""]",2,spatial,2,f,20,2026-03-17 01:46:19.595887+00,dimensional transform,,,,,,,
822020b9-e13a-4391-941a-2f1b77488516,b0000000-0000-0000-0000-000000000001,23,visualPuzzle,Choose your answer:,static_q23,"[""A"", ""B"", ""C"", ""D"", ""E"", ""F""]",1,pattern,1,f,21,2026-03-17 01:46:19.595887+00,nested rule extraction,,,,,,,
22c8fde5-6b1d-4222-b057-f05672861c1e,b0000000-0000-0000-0000-000000000001,24,visualPuzzle,Choose your answer:,static_q24,"[""A"", ""B"", ""C"", ""D"", ""E"", ""F""]",2,pattern,2,f,22,2026-03-17 01:46:19.595887+00,quantitative pattern,,,,,,,
891c7cd0-fcce-4ce2-94f5-295dbe0f653c,b0000000-0000-0000-0000-000000000001,25,visualPuzzle,Choose your answer:,static_q25,"[""A"", ""B"", ""C"", ""D"", ""E"", ""F""]",0,pattern,3,f,23,2026-03-17 01:46:19.595887+00,feature permutation,,,,,,,
180ae210-c2e3-4d5e-a55c-f6035bc0db13,b0000000-0000-0000-0000-000000000001,26,visualPuzzle,Choose your answer:,static_q26,"[""A"", ""B"", ""C"", ""D"", ""E"", ""F""]",1,pattern,2,f,24,2026-03-17 01:46:19.595887+00,division rule,,,,,,,
45e8e276-087c-4d1b-88a5-276df98fb9b6,b0000000-0000-0000-0000-000000000001,27,visualPuzzle,Choose your answer:,static_q27,"[""A"", ""B"", ""C"", ""D"", ""E"", ""F""]",2,pattern,4,f,25,2026-03-17 01:46:19.595887+00,multi-attribute,,,,,,,
29e68028-b1de-4f10-803c-3f465f8aa911,b0000000-0000-0000-0000-000000000001,28,visualPuzzle,Choose your answer:,static_q28,"[""A"", ""B"", ""C"", ""D"", ""E"", ""F""]",2,spatial,3,f,26,2026-03-17 01:46:19.595887+00,rotation,,,,,,,
1bfa03fb-244f-4cc0-9101-60381a9f214b,b0000000-0000-0000-0000-000000000001,29,visualPuzzle,Choose your answer:,static_q29,"[""A"", ""B"", ""C"", ""D"", ""E"", ""F""]",4,logic,2,f,27,2026-03-17 01:46:19.595887+00,numeric sequence,,,,,,,
cd92870d-15aa-4caa-b79f-b1b6883d8301,b0000000-0000-0000-0000-000000000001,30,visualPuzzle,Choose your answer:,static_q30,"[""A"", ""B"", ""C"", ""D"", ""E"", ""F""]",5,pattern,3,f,28,2026-03-17 01:46:19.595887+00,symbolic logic,,,,,,,
2771f8b5-4679-4462-94bb-9124e6db39ed,b0000000-0000-0000-0000-000000000001,31,visualPuzzle,Choose your answer:,static_q31,"[""A"", ""B"", ""C"", ""D"", ""E"", ""F""]",1,pattern,2,f,29,2026-03-17 01:46:19.595887+00,compound transformation,,,,,,,
9c72b0c9-0a3b-46db-9776-954153eaebd4,b0000000-0000-0000-0000-000000000001,32,visualPuzzle,Choose your answer:,static_q32,"[""A"", ""B"", ""C"", ""D"", ""E"", ""F""]",0,spatial,3,f,30,2026-03-17 01:46:19.595887+00,rotation,,,,,,,
f0d88c4b-13e0-4e96-a34c-9d10f594b588,b0000000-0000-0000-0000-000000000001,33,visualPuzzle,Choose your answer:,static_q33,"[""A"", ""B"", ""C"", ""D"", ""E"", ""F""]",4,logic,3,t,31,2026-03-17 01:46:19.595887+00,multi-rule deduction,,,,,,,
78fca1b4-a720-41ff-a2cb-cd97d8e9594e,b0000000-0000-0000-0000-000000000001,34,visualPuzzle,Choose your answer:,static_q34,"[""A"", ""B"", ""C"", ""D"", ""E"", ""F""]",4,spatial,4,f,32,2026-03-17 01:46:19.595887+00,mental rotation,,,,,,,
d8973d3f-1e3e-415a-8b78-eecb9b7f6c4a,b0000000-0000-0000-0000-000000000001,35,visualPuzzle,Choose your answer:,static_q35,"[""A"", ""B"", ""C"", ""D"", ""E"", ""F""]",0,spatial,5,t,33,2026-03-17 01:46:19.595887+00,complex spatial,,,,,,,
51fb664b-6aa2-48b8-8795-f6ceeb522f68,b0000000-0000-0000-0000-000000000001,36,likert,I believe intelligence can be developed in different ways,,"[""Strongly Disagree"", ""Disagree"", ""Neutral"", ""Agree"", ""Strongly Agree""]",,self,1,f,34,2026-03-17 01:46:19.595887+00,growth mindset,,,,,,,
64726ed3-715c-425d-bf73-d6f721cd7ed4,b0000000-0000-0000-0000-000000000001,37,personal,What is your age?,,"[""Under 18"", ""18-24"", ""25-34"", ""35-44"", ""45+""]",,self,1,f,35,2026-03-17 01:46:19.595887+00,demographic,,,,,,,
b89943ba-1485-4b3f-8f2c-87c3c286b7d6,b0000000-0000-0000-0000-000000000001,38,personal,What is your education level?,,"[""High School"", ""Some College"", ""Bachelor's Degree"", ""Master's Degree"", ""Doctorate""]",,self,1,f,36,2026-03-17 01:46:19.595887+00,demographic,,,,,,,
915af22c-3576-4be2-a6be-79539aa4db46,c0000000-0000-0000-0000-000000000001,1,likert,I like challenges that reveal how I think.,,"[""Strongly Disagree"", ""Disagree"", ""Neutral"", ""Agree"", ""Strongly Agree""]",,self,1,f,1,2026-06-02 22:27:36.205387+00,self-efficacy,,,,,,,
0c4ccba5-db6d-44ad-ae38-4b982f7cfb5c,c0000000-0000-0000-0000-000000000001,2,likert,I often find patterns in things around me.,,"[""Strongly disagree"", ""Disagree"", ""Neutral"", ""Agree"", ""Strongly agree""]",,pattern,1,f,2,2026-06-02 22:27:36.205387+00,deductive reasoning,,,,,,,
3c46f0c7-8c4f-4946-9296-d03e62152537,c0000000-0000-0000-0000-000000000001,3,multipleChoice,A farmer has 17 sheep. All but 9 run away. How many are left?,,"[""8"", ""9"", ""7"", ""17"", ""0""]",1,speed,1,f,3,2026-06-02 22:27:36.205387+00,quick recall,,,,,,,
b4ad2e6f-c5b5-4b48-8a27-b7c8233d6b44,c0000000-0000-0000-0000-000000000001,4,multipleChoice,How many sides does a hexagon have?,,"[""5"", ""6"", ""4"", ""7"", ""8""]",1,logic,1,f,4,2026-06-02 22:27:36.205387+00,metacognition,,,,,,,
4b34b147-9bfd-418f-8fc9-4a13c0c35d7e,c0000000-0000-0000-0000-000000000001,5,likert,I enjoy solving problems and puzzles,,"[""Strongly Disagree"", ""Disagree"", ""Neutral"", ""Agree"", ""Strongly Agree""]",,logic,1,f,5,2026-06-02 22:27:36.205387+00,numeric sequence,,,,,,,
fc3a4164-e886-497a-9242-73e413921233,c0000000-0000-0000-0000-000000000001,6,sequence,"2, 4, 6, 8, ___

What number completes the pattern?",,"[""8"", ""9"", ""10"", ""11"", ""12""]",2,logic,2,f,6,2026-06-02 22:27:36.205387+00,arithmetic reasoning,,,,,,,
076858d9-75fc-4925-bf78-60cc0e680c3d,c0000000-0000-0000-0000-000000000001,7,sequence,"1, 3, 6, 10, ___

What number completes the pattern?",,"[""11"", ""12"", ""13"", ""14"", ""15""]",4,pattern,2,f,7,2026-06-02 22:27:36.205387+00,verbal analogy,,,,,,,
911e1705-c789-40d6-8fd0-540921a4b2ce,c0000000-0000-0000-0000-000000000001,8,analogy,"7, 14, 21, ___, 35

What number is missing?",,"[""24"", ""26"", ""28"", ""30"", ""32""]",2,pattern,2,f,8,2026-06-02 22:27:36.205387+00,verbal analogy,,,,,,,
e1a7f93a-e04e-46db-8298-d030437855c6,c0000000-0000-0000-0000-000000000001,9,multiple_choice,Bird is to nest as bee is to:,,"[""Honey"", ""Flower"", ""Hive"", ""Wing"", ""Insect""]",2,self,1,f,9,2026-06-02 22:27:36.205387+00,attention,,,,,,,
dafd67be-d1fd-4348-a2b1-fe5df8f6b014,c0000000-0000-0000-0000-000000000001,10,multiple_choice,Pen is to writing as knife is to:,,"[""Kitchen"", ""Spoon"", ""Cutting"", ""Plate"", ""Food""]",2,self,1,f,10,2026-06-02 22:27:36.205387+00,spatial self-assessment,,,,,,,
08bfab4f-86f0-433b-8224-9df91558d124,c0000000-0000-0000-0000-000000000001,11,likert,I often notice patterns that others miss.,,"[""Strongly Disagree"", ""Disagree"", ""Neutral"", ""Agree"", ""Strongly Agree""]",,spatial,1,f,11,2026-06-02 22:27:36.205387+00,grid completion,,,,,,,
9a43c6c8-3cda-4a4c-8e8b-af3db834497c,c0000000-0000-0000-0000-000000000001,12,likert,I can quickly understand complex diagrams or charts.,,"[""Strongly Disagree"", ""Disagree"", ""Neutral"", ""Agree"", ""Strongly Agree""]",,spatial,1,f,12,2026-06-02 22:27:36.205387+00,directional pattern,,,,,,,
9b2ff595-95a9-4272-b1fa-f3ed0cf55c04,c0000000-0000-0000-0000-000000000001,14,visualPuzzle,Choose your answer:,static_q14,"[""A"", ""B"", ""C"", ""D"", ""E"", ""F""]",4,spatial,2,t,13,2026-06-02 22:27:36.205387+00,tiling,,,,,,,
3f8f2421-8bc7-4f90-8cf7-7230ee774565,c0000000-0000-0000-0000-000000000001,16,visualPuzzle,Choose your answer:,static_q16,"[""A"", ""B"", ""C"", ""D"", ""E"", ""F""]",0,spatial,2,f,14,2026-06-02 22:27:36.205387+00,fragment matching,,,,,,,
b3da7728-13eb-4f27-8fe0-55e82b61f002,c0000000-0000-0000-0000-000000000001,17,visualPuzzle,Choose your answer:,static_q17,"[""A"", ""B"", ""C"", ""D"", ""E"", ""F""]",2,pattern,2,f,15,2026-06-02 22:27:36.205387+00,attribute matrix,,,,,,,
d822e9ac-1ac0-4e12-a01f-8972b4a1f069,c0000000-0000-0000-0000-000000000001,18,visualPuzzle,Choose your answer:,static_q18,"[""A"", ""B"", ""C"", ""D"", ""E"", ""F""]",2,pattern,3,f,16,2026-06-02 22:27:36.205387+00,attribute matrix,,,,,,,
3fc5848b-9e39-4edc-aa91-14d45741d515,c0000000-0000-0000-0000-000000000001,19,visualPuzzle,Choose your answer:,static_q19,"[""A"", ""B"", ""C"", ""D"", ""E"", ""F""]",0,pattern,3,f,17,2026-06-02 22:27:36.205387+00,attribute matrix,,,,,,,
3af926f4-a85c-4238-b143-2e59026814d2,c0000000-0000-0000-0000-000000000001,20,visualPuzzle,Choose your answer:,static_q20,"[""A"", ""B"", ""C"", ""D"", ""E"", ""F""]",3,pattern,3,t,18,2026-06-02 22:27:36.205387+00,attribute matrix,,,,,,,
79922f81-0dec-451d-ab40-d89cb755711c,c0000000-0000-0000-0000-000000000001,21,visualPuzzle,Choose your answer:,static_q21,"[""A"", ""B"", ""C"", ""D"", ""E"", ""F""]",0,logic,2,f,19,2026-06-02 22:27:36.205387+00,shape transformation,,,,,,,
1d156860-79bb-4183-a47f-0f8c29cf9cc1,c0000000-0000-0000-0000-000000000001,22,visualPuzzle,Choose your answer:,static_q22,"[""A"", ""B"", ""C"", ""D"", ""E"", ""F""]",2,spatial,2,f,20,2026-06-02 22:27:36.205387+00,dimensional transform,,,,,,,
6bf5539e-d692-4af8-9c8e-949acd7f28c3,c0000000-0000-0000-0000-000000000001,23,visualPuzzle,Choose your answer:,static_q23,"[""A"", ""B"", ""C"", ""D"", ""E"", ""F""]",1,pattern,1,f,21,2026-06-02 22:27:36.205387+00,nested rule extraction,,,,,,,
92e9b250-47e6-485e-8a1e-5f4013c62d1a,c0000000-0000-0000-0000-000000000001,24,visualPuzzle,Choose your answer:,static_q24,"[""A"", ""B"", ""C"", ""D"", ""E"", ""F""]",2,pattern,2,f,22,2026-06-02 22:27:36.205387+00,quantitative pattern,,,,,,,
9ddb9f0a-3ae5-4f6a-99e4-3e9f2302e96d,c0000000-0000-0000-0000-000000000001,25,visualPuzzle,Choose your answer:,static_q25,"[""A"", ""B"", ""C"", ""D"", ""E"", ""F""]",0,pattern,3,f,23,2026-06-02 22:27:36.205387+00,feature permutation,,,,,,,
3a184e98-a285-416f-80a8-ae54bc7b9686,c0000000-0000-0000-0000-000000000001,26,visualPuzzle,Choose your answer:,static_q26,"[""A"", ""B"", ""C"", ""D"", ""E"", ""F""]",1,pattern,2,f,24,2026-06-02 22:27:36.205387+00,division rule,,,,,,,
dbbd2188-2666-44d0-b4ab-12c63c227339,c0000000-0000-0000-0000-000000000001,27,visualPuzzle,Choose your answer:,static_q27,"[""A"", ""B"", ""C"", ""D"", ""E"", ""F""]",2,pattern,4,f,25,2026-06-02 22:27:36.205387+00,multi-attribute,,,,,,,
8a441e93-4a3d-4883-9518-c2388e8d298b,c0000000-0000-0000-0000-000000000001,28,visualPuzzle,Choose your answer:,static_q28,"[""A"", ""B"", ""C"", ""D"", ""E"", ""F""]",2,spatial,3,f,26,2026-06-02 22:27:36.205387+00,rotation,,,,,,,
395ec310-0f57-457b-bc9e-318f6801a8cc,c0000000-0000-0000-0000-000000000001,29,visualPuzzle,Choose your answer:,static_q29,"[""A"", ""B"", ""C"", ""D"", ""E"", ""F""]",4,logic,2,f,27,2026-06-02 22:27:36.205387+00,numeric sequence,,,,,,,
4ec65b87-54da-40db-8810-3af693095b8d,c0000000-0000-0000-0000-000000000001,30,visualPuzzle,Choose your answer:,static_q30,"[""A"", ""B"", ""C"", ""D"", ""E"", ""F""]",5,pattern,3,f,28,2026-06-02 22:27:36.205387+00,symbolic logic,,,,,,,
1c95457a-fd75-43cd-9c6f-8014f48be12e,c0000000-0000-0000-0000-000000000001,31,visualPuzzle,Choose your answer:,static_q31,"[""A"", ""B"", ""C"", ""D"", ""E"", ""F""]",1,pattern,2,f,29,2026-06-02 22:27:36.205387+00,compound transformation,,,,,,,
12afae1e-4dcb-44d5-b6f7-dc0a350f96fd,c0000000-0000-0000-0000-000000000001,32,visualPuzzle,Choose your answer:,static_q32,"[""A"", ""B"", ""C"", ""D"", ""E"", ""F""]",0,spatial,3,f,30,2026-06-02 22:27:36.205387+00,rotation,,,,,,,
b2368264-193a-46cf-b5a4-59cc8e5bcf88,c0000000-0000-0000-0000-000000000001,33,visualPuzzle,Choose your answer:,static_q33,"[""A"", ""B"", ""C"", ""D"", ""E"", ""F""]",4,logic,3,t,31,2026-06-02 22:27:36.205387+00,multi-rule deduction,,,,,,,
360537f8-49f7-41a3-a521-e1ff3d6b7482,c0000000-0000-0000-0000-000000000001,34,visualPuzzle,Choose your answer:,static_q34,"[""A"", ""B"", ""C"", ""D"", ""E"", ""F""]",4,spatial,4,f,32,2026-06-02 22:27:36.205387+00,mental rotation,,,,,,,
50979c24-ad90-4d1d-a6b4-7eedf73baf0a,c0000000-0000-0000-0000-000000000001,35,visualPuzzle,Choose your answer:,static_q35,"[""A"", ""B"", ""C"", ""D"", ""E"", ""F""]",0,spatial,5,t,33,2026-06-02 22:27:36.205387+00,complex spatial,,,,,,,
595b4908-967b-4e2f-9aa3-6cd74cb42195,c0000000-0000-0000-0000-000000000001,36,likert,I believe intelligence can be developed in different ways,,"[""Strongly Disagree"", ""Disagree"", ""Neutral"", ""Agree"", ""Strongly Agree""]",,self,1,f,34,2026-06-02 22:27:36.205387+00,growth mindset,,,,,,,
cf947e67-3257-4a9b-a4c9-9bfdd004dcb0,c0000000-0000-0000-0000-000000000001,37,personal,What is your age?,,"[""Under 18"", ""18-24"", ""25-34"", ""35-44"", ""45+""]",,self,1,f,35,2026-06-02 22:27:36.205387+00,demographic,,,,,,,
76472b38-c761-4e50-90d2-6d63a8a10a94,c0000000-0000-0000-0000-000000000001,38,personal,What is your education level?,,"[""High School"", ""Some College"", ""Bachelor's Degree"", ""Master's Degree"", ""Doctorate""]",,self,1,f,36,2026-06-02 22:27:36.205387+00,demographic,,,,,,,
97f2c9d8-a9f3-47f0-8769-a9e77a9b7239,f0000000-0000-0000-0000-000000000001,3,multipleChoice,A farmer has 17 sheep. All but 9 run away. How many are left?,,"[""8"", ""9"", ""7"", ""17"", ""0""]",1,speed,1,f,3,2026-07-24 21:56:03.873952+00,quick recall,,,,,,,
9815f583-f602-4683-a8e4-3c7c70ce104e,f0000000-0000-0000-0000-000000000001,4,multipleChoice,How many sides does a hexagon have?,,"[""5"", ""6"", ""4"", ""7"", ""8""]",1,logic,1,f,4,2026-07-24 21:56:03.873952+00,metacognition,,,,,,,
207542ac-c905-47f4-9f7c-5345f58e1763,f0000000-0000-0000-0000-000000000001,5,likert,I enjoy solving problems and puzzles,,"[""Strongly Disagree"", ""Disagree"", ""Neutral"", ""Agree"", ""Strongly Agree""]",,logic,1,f,5,2026-07-24 21:56:03.873952+00,numeric sequence,,,,,,,
1df2df7f-3bc1-42ee-820e-771a750246e4,f0000000-0000-0000-0000-000000000001,1,likert,I like challenges that reveal how I think.,,"[""Strongly Disagree"", ""Disagree"", ""Neutral"", ""Agree"", ""Strongly Agree""]",,self,1,f,1,2026-07-24 21:56:03.873952+00,self-efficacy,,,,,,,
f6b3f7e6-e68a-43da-8bff-751a1c2c2e40,f0000000-0000-0000-0000-000000000001,2,likert,I often find patterns in things around me.,,"[""Strongly disagree"", ""Disagree"", ""Neutral"", ""Agree"", ""Strongly agree""]",,pattern,1,f,2,2026-07-24 21:56:03.873952+00,deductive reasoning,,,,,,,
4f722065-cd8e-44d9-848b-3d1ceee19e69,f0000000-0000-0000-0000-000000000001,6,sequence,"2, 4, 6, 8, ___

What number completes the pattern?",,"[""8"", ""9"", ""10"", ""11"", ""12""]",2,logic,2,f,6,2026-07-24 21:56:03.873952+00,arithmetic reasoning,,,,,,,
d5366da5-5b00-44e4-8e44-b8591d5cadbf,f0000000-0000-0000-0000-000000000001,7,sequence,"1, 3, 6, 10, ___

What number completes the pattern?",,"[""11"", ""12"", ""13"", ""14"", ""15""]",4,pattern,2,f,7,2026-07-24 21:56:03.873952+00,verbal analogy,,,,,,,
b0d90042-4a54-49c9-aea3-ab00c7b99fff,f0000000-0000-0000-0000-000000000001,8,analogy,"7, 14, 21, ___, 35

What number is missing?",,"[""24"", ""26"", ""28"", ""30"", ""32""]",2,pattern,2,f,8,2026-07-24 21:56:03.873952+00,verbal analogy,,,,,,,
a2dbb1e5-aee7-4a2b-b6f1-ad25045a52d2,f0000000-0000-0000-0000-000000000001,9,multiple_choice,Bird is to nest as bee is to:,,"[""Honey"", ""Flower"", ""Hive"", ""Wing"", ""Insect""]",2,self,1,f,9,2026-07-24 21:56:03.873952+00,attention,,,,,,,
26f86df3-5ebc-4fcf-b3d5-372598a532a2,f0000000-0000-0000-0000-000000000001,10,multiple_choice,Pen is to writing as knife is to:,,"[""Kitchen"", ""Spoon"", ""Cutting"", ""Plate"", ""Food""]",2,self,1,f,10,2026-07-24 21:56:03.873952+00,spatial self-assessment,,,,,,,
58bc5da4-bff0-448c-9ece-c3f119e35d27,f0000000-0000-0000-0000-000000000001,11,likert,I often notice patterns that others miss.,,"[""Strongly Disagree"", ""Disagree"", ""Neutral"", ""Agree"", ""Strongly Agree""]",,spatial,1,f,11,2026-07-24 21:56:03.873952+00,grid completion,,,,,,,
4376ff35-ba35-49e4-8f38-44bfb6a98799,f0000000-0000-0000-0000-000000000001,12,likert,I can quickly understand complex diagrams or charts.,,"[""Strongly Disagree"", ""Disagree"", ""Neutral"", ""Agree"", ""Strongly Agree""]",,spatial,1,f,12,2026-07-24 21:56:03.873952+00,directional pattern,,,,,,,
f3f81efd-bb82-4aea-be35-b3316c472c58,f0000000-0000-0000-0000-000000000001,14,visualPuzzle,Choose your answer:,static_q14,"[""A"", ""B"", ""C"", ""D"", ""E"", ""F""]",4,spatial,2,t,13,2026-07-24 21:56:03.873952+00,tiling,,,,,,,
5a3c61f3-911d-4ebe-853a-ee3dd5dca741,f0000000-0000-0000-0000-000000000001,16,visualPuzzle,Choose your answer:,static_q16,"[""A"", ""B"", ""C"", ""D"", ""E"", ""F""]",0,spatial,2,f,14,2026-07-24 21:56:03.873952+00,fragment matching,,,,,,,
e1ff1df5-c375-4b22-9ee9-bfd4a0f9081d,f0000000-0000-0000-0000-000000000001,17,visualPuzzle,Choose your answer:,static_q17,"[""A"", ""B"", ""C"", ""D"", ""E"", ""F""]",2,pattern,2,f,15,2026-07-24 21:56:03.873952+00,attribute matrix,,,,,,,
ef993f3c-1dd1-404f-bb3d-d7f18ddcc80d,f0000000-0000-0000-0000-000000000001,18,visualPuzzle,Choose your answer:,static_q18,"[""A"", ""B"", ""C"", ""D"", ""E"", ""F""]",2,pattern,3,f,16,2026-07-24 21:56:03.873952+00,attribute matrix,,,,,,,
fb9c566b-d131-4b87-969b-501fbb87a114,f0000000-0000-0000-0000-000000000001,19,visualPuzzle,Choose your answer:,static_q19,"[""A"", ""B"", ""C"", ""D"", ""E"", ""F""]",0,pattern,3,f,17,2026-07-24 21:56:03.873952+00,attribute matrix,,,,,,,
fbc61c07-5262-4d22-8c99-dfe55a737c7c,f0000000-0000-0000-0000-000000000001,20,visualPuzzle,Choose your answer:,static_q20,"[""A"", ""B"", ""C"", ""D"", ""E"", ""F""]",3,pattern,3,t,18,2026-07-24 21:56:03.873952+00,attribute matrix,,,,,,,
415244a3-e474-4580-8346-250db381a9b5,f0000000-0000-0000-0000-000000000001,21,visualPuzzle,Choose your answer:,static_q21,"[""A"", ""B"", ""C"", ""D"", ""E"", ""F""]",0,logic,2,f,19,2026-07-24 21:56:03.873952+00,shape transformation,,,,,,,
4416a72b-72c6-4d5d-baa6-4b072cea49f7,f0000000-0000-0000-0000-000000000001,22,visualPuzzle,Choose your answer:,static_q22,"[""A"", ""B"", ""C"", ""D"", ""E"", ""F""]",2,spatial,2,f,20,2026-07-24 21:56:03.873952+00,dimensional transform,,,,,,,
50d51e17-698f-48e2-b70d-07081a124e35,f0000000-0000-0000-0000-000000000001,23,visualPuzzle,Choose your answer:,static_q23,"[""A"", ""B"", ""C"", ""D"", ""E"", ""F""]",1,pattern,1,f,21,2026-07-24 21:56:03.873952+00,nested rule extraction,,,,,,,
b89caa98-005d-4dbd-a5f6-b89b9f9fd21f,f0000000-0000-0000-0000-000000000001,24,visualPuzzle,Choose your answer:,static_q24,"[""A"", ""B"", ""C"", ""D"", ""E"", ""F""]",2,pattern,2,f,22,2026-07-24 21:56:03.873952+00,quantitative pattern,,,,,,,
9ca6578a-41f5-49b3-b4ba-9bfb9b3bdac0,f0000000-0000-0000-0000-000000000001,25,visualPuzzle,Choose your answer:,static_q25,"[""A"", ""B"", ""C"", ""D"", ""E"", ""F""]",0,pattern,3,f,23,2026-07-24 21:56:03.873952+00,feature permutation,,,,,,,
ad80959f-89da-44a7-98d3-edbd8d66cc9e,f0000000-0000-0000-0000-000000000001,26,visualPuzzle,Choose your answer:,static_q26,"[""A"", ""B"", ""C"", ""D"", ""E"", ""F""]",1,pattern,2,f,24,2026-07-24 21:56:03.873952+00,division rule,,,,,,,
6565096a-e18d-4358-b175-7dacf5b22397,f0000000-0000-0000-0000-000000000001,27,visualPuzzle,Choose your answer:,static_q27,"[""A"", ""B"", ""C"", ""D"", ""E"", ""F""]",2,pattern,4,f,25,2026-07-24 21:56:03.873952+00,multi-attribute,,,,,,,
91828e77-80c5-4374-8b42-7e762bf0d49b,f0000000-0000-0000-0000-000000000001,28,visualPuzzle,Choose your answer:,static_q28,"[""A"", ""B"", ""C"", ""D"", ""E"", ""F""]",2,spatial,3,f,26,2026-07-24 21:56:03.873952+00,rotation,,,,,,,
594754d4-88ee-45cc-acd7-86283ff372f2,f0000000-0000-0000-0000-000000000001,29,visualPuzzle,Choose your answer:,static_q29,"[""A"", ""B"", ""C"", ""D"", ""E"", ""F""]",4,logic,2,f,27,2026-07-24 21:56:03.873952+00,numeric sequence,,,,,,,
4427fe97-7fa8-4dce-bc20-4613b5cf78fc,f0000000-0000-0000-0000-000000000001,30,visualPuzzle,Choose your answer:,static_q30,"[""A"", ""B"", ""C"", ""D"", ""E"", ""F""]",5,pattern,3,f,28,2026-07-24 21:56:03.873952+00,symbolic logic,,,,,,,
b1f1d8ce-b1d0-4600-b63f-47699781b632,f0000000-0000-0000-0000-000000000001,31,visualPuzzle,Choose your answer:,static_q31,"[""A"", ""B"", ""C"", ""D"", ""E"", ""F""]",1,pattern,2,f,29,2026-07-24 21:56:03.873952+00,compound transformation,,,,,,,
5ba742c3-71ad-4119-9c28-c188b12e976e,f0000000-0000-0000-0000-000000000001,32,visualPuzzle,Choose your answer:,static_q32,"[""A"", ""B"", ""C"", ""D"", ""E"", ""F""]",0,spatial,3,f,30,2026-07-24 21:56:03.873952+00,rotation,,,,,,,
06ae2232-acb1-4a1c-947a-a12c56224f6d,f0000000-0000-0000-0000-000000000001,33,visualPuzzle,Choose your answer:,static_q33,"[""A"", ""B"", ""C"", ""D"", ""E"", ""F""]",4,logic,3,t,31,2026-07-24 21:56:03.873952+00,multi-rule deduction,,,,,,,
18e58d2e-829c-4fd3-8605-b4b3f7b0ee32,f0000000-0000-0000-0000-000000000001,34,visualPuzzle,Choose your answer:,static_q34,"[""A"", ""B"", ""C"", ""D"", ""E"", ""F""]",4,spatial,4,f,32,2026-07-24 21:56:03.873952+00,mental rotation,,,,,,,
3c674b02-3d6f-4d68-b23c-d3b8ff1f1c03,f0000000-0000-0000-0000-000000000001,35,visualPuzzle,Choose your answer:,static_q35,"[""A"", ""B"", ""C"", ""D"", ""E"", ""F""]",0,spatial,5,t,33,2026-07-24 21:56:03.873952+00,complex spatial,,,,,,,
117aabda-16b0-4233-97e2-91e636220477,f0000000-0000-0000-0000-000000000001,36,likert,I believe intelligence can be developed in different ways,,"[""Strongly Disagree"", ""Disagree"", ""Neutral"", ""Agree"", ""Strongly Agree""]",,self,1,f,34,2026-07-24 21:56:03.873952+00,growth mindset,,,,,,,
271a7d68-f131-4ed2-a91e-1da96cd99ebe,f0000000-0000-0000-0000-000000000001,37,personal,What is your age?,,"[""Under 18"", ""18-24"", ""25-34"", ""35-44"", ""45+""]",,self,1,f,35,2026-07-24 21:56:03.873952+00,demographic,,,,,,,
6fa09c15-4273-46a3-a363-56f08618549e,f0000000-0000-0000-0000-000000000001,38,personal,What is your education level?,,"[""High School"", ""Some College"", ""Bachelor's Degree"", ""Master's Degree"", ""Doctorate""]",,self,1,f,36,2026-07-24 21:56:03.873952+00,demographic,,,,,,,
1ea3775e-e992-429a-8806-1bfc2fc7cca5,f0000000-0000-0000-0000-000000000006,8001,multipleChoice,A farmer has 17 sheep. All but 9 die. How many are left?,,"[""8"", ""9"", ""17"", ""0"", ""4""]",1,logic,1,f,1,2026-09-15 00:00:00+00,,,,,,,,
967f2cb6-4e12-4c17-8dc0-e3d85038a2e9,f0000000-0000-0000-0000-000000000006,8002,multipleChoice,You pass the person in 4th place. What place are you now?,,"[""2nd"", ""3rd"", ""4th"", ""5th"", ""1st""]",2,logic,1,f,2,2026-09-15 00:00:00+00,,,,,,,,
e3e62280-820f-4871-9a63-ba125ecfeeae,f0000000-0000-0000-0000-000000000006,8003,multipleChoice,How many edges does a cube have?,,"[""6"", ""8"", ""10"", ""12"", ""14""]",3,spatial,1,f,3,2026-09-15 00:00:00+00,,,,,,,,
44eab19a-fc03-4552-9089-9c14b9a4c99b,f0000000-0000-0000-0000-000000000006,8004,likert,I prefer learning through hands-on experience,,"[""Strongly Disagree"", ""Disagree"", ""Neutral"", ""Agree"", ""Strongly Agree""]",,self,1,f,4,2026-09-15 00:00:00+00,,,,,,,,
b85e6617-33ea-4ea1-b417-ef8e2ea0fd7b,f0000000-0000-0000-0000-000000000006,8005,sequence,"What number comes next?
3, 6, 12, 24, ___",,"[""30"", ""32"", ""42"", ""48"", ""54""]",3,pattern,1,f,5,2026-09-15 00:00:00+00,,,,,,,,
fca10021-4795-4061-af7e-76b1399bcd5a,f0000000-0000-0000-0000-000000000006,8006,sequence,"What number is missing?
4, 8, 12, 16, ___, 24",,"[""18"", ""19"", ""20"", ""21"", ""22""]",2,pattern,1,f,6,2026-09-15 00:00:00+00,,,,,,,,
0f16eb4b-e472-4c77-981e-464b21c5b93e,f0000000-0000-0000-0000-000000000006,8007,memorySequence,What was the 2nd digit?,,"[""6"", ""4"", ""8"", ""1"", ""7""]",1,speed,1,f,7,2026-09-15 00:00:00+00,timed-number,,"[""6"", ""4"", ""8"", ""7""]",4000,2,,,
ba8afb62-9788-463d-b061-3e84355a94d9,f0000000-0000-0000-0000-000000000006,8008,memorySequence,What was the 3rd digit?,,"[""9"", ""3"", ""7"", ""2"", ""5""]",2,speed,1,f,8,2026-09-15 00:00:00+00,timed-number,,"[""5"", ""9"", ""7"", ""3"", ""2""]",4000,3,,,
a0b927c4-c41b-4f55-8eb5-d5dc096ecd30,f0000000-0000-0000-0000-000000000006,8009,memorySequence,What was the 4th digit?,,"[""8"", ""2"", ""6"", ""4"", ""9""]",1,speed,2,f,9,2026-09-15 00:00:00+00,timed-number,,"[""4"", ""8"", ""6"", ""2"", ""9"", ""1""]",4000,4,,,
61f45217-61cd-4d16-b1da-97aa677b925e,f0000000-0000-0000-0000-000000000006,8010,likert,I easily visualize 3D objects in my mind,,"[""Strongly Disagree"", ""Disagree"", ""Neutral"", ""Agree"", ""Strongly Agree""]",,spatial,2,f,10,2026-09-15 00:00:00+00,,,,,,,,
c32efa9b-fe10-4bb8-853e-e0771ca83ffb,f0000000-0000-0000-0000-000000000006,8011,visualPuzzle,Choose your answer:,,"[""A"", ""B"", ""C"", ""D"", ""E"", ""F""]",0,spatial,2,t,11,2026-09-15 00:00:00+00,visual-placeholder,,,,,,,
b9601d66-bc42-4800-ba66-4933a84fece5,f0000000-0000-0000-0000-000000000006,8012,visualPuzzle,Choose your answer:,,"[""A"", ""B"", ""C"", ""D"", ""E"", ""F""]",1,pattern,2,f,12,2026-09-15 00:00:00+00,visual-placeholder,,,,,,,
a9992132-5fa0-4bb8-82b8-402fc9951d2c,f0000000-0000-0000-0000-000000000006,8013,visualPuzzle,Choose your answer:,,"[""A"", ""B"", ""C"", ""D"", ""E"", ""F""]",2,logic,2,f,13,2026-09-15 00:00:00+00,visual-placeholder,,,,,,,
8eaa2c22-db56-40a4-ad77-7de9ab1b9dbc,f0000000-0000-0000-0000-000000000006,8014,visualPuzzle,Choose your answer:,,"[""A"", ""B"", ""C"", ""D"", ""E"", ""F""]",3,spatial,2,f,14,2026-09-15 00:00:00+00,visual-placeholder,,,,,,,
f76dbdf3-bc68-49ee-b6cb-feb4c61feb1c,f0000000-0000-0000-0000-000000000006,8015,visualPuzzle,Choose your answer:,,"[""A"", ""B"", ""C"", ""D"", ""E"", ""F""]",4,pattern,2,f,15,2026-09-15 00:00:00+00,visual-placeholder,,,,,,,
33aa477e-c268-4d77-8b74-371c9766b2c1,f0000000-0000-0000-0000-000000000006,8016,visualPuzzle,Choose your answer:,,"[""A"", ""B"", ""C"", ""D"", ""E"", ""F""]",5,logic,2,f,16,2026-09-15 00:00:00+00,visual-placeholder,,,,,,,
faeb40d3-53a2-487a-b65c-36c8086b809e,f0000000-0000-0000-0000-000000000006,8017,visualPuzzle,Choose your answer:,,"[""A"", ""B"", ""C"", ""D"", ""E"", ""F""]",0,spatial,3,f,17,2026-09-15 00:00:00+00,visual-placeholder,,,,,,,
89655b33-93df-4cc4-aa33-8f10635cd049,f0000000-0000-0000-0000-000000000006,8018,visualPuzzle,Choose your answer:,,"[""A"", ""B"", ""C"", ""D"", ""E"", ""F""]",1,pattern,3,f,18,2026-09-15 00:00:00+00,visual-placeholder,,,,,,,
d76d3f36-d920-43b0-888e-13a3fc9dd148,f0000000-0000-0000-0000-000000000006,8019,visualPuzzle,Choose your answer:,,"[""A"", ""B"", ""C"", ""D"", ""E"", ""F""]",2,logic,3,f,19,2026-09-15 00:00:00+00,visual-placeholder,,,,,,,
8f4d8951-726e-466c-96c1-8114eb644b8a,f0000000-0000-0000-0000-000000000006,8020,visualPuzzle,Choose your answer:,,"[""A"", ""B"", ""C"", ""D"", ""E"", ""F""]",3,spatial,3,f,20,2026-09-15 00:00:00+00,visual-placeholder,,,,,,,
3d29fb88-c295-4abe-8935-d915ddbac05f,f0000000-0000-0000-0000-000000000006,8021,visualPuzzle,Choose your answer:,,"[""A"", ""B"", ""C"", ""D"", ""E"", ""F""]",4,pattern,3,f,21,2026-09-15 00:00:00+00,visual-placeholder,,,,,,,
becc0fa4-b109-4b36-87eb-e1c9a0d9a7ad,f0000000-0000-0000-0000-000000000006,8022,visualPuzzle,Choose your answer:,,"[""A"", ""B"", ""C"", ""D"", ""E"", ""F""]",5,logic,3,t,22,2026-09-15 00:00:00+00,visual-placeholder,,,,,,,
0cbc24b5-b1f2-4a43-bffa-93cba2bed9f4,f0000000-0000-0000-0000-000000000006,8023,visualPuzzle,Choose your answer:,,"[""A"", ""B"", ""C"", ""D"", ""E"", ""F""]",0,spatial,3,f,23,2026-09-15 00:00:00+00,visual-placeholder,,,,,,,
f8d3a956-7c96-437c-b944-cec756428ac6,f0000000-0000-0000-0000-000000000006,8024,multipleChoice,Which word did we ask you to remember at the start?,,"[""Focus"", ""Logic"", ""Reason"", ""Insight"", ""Memory""]",3,speed,3,f,24,2026-09-15 00:00:00+00,word-recall,,,,,,,
0157833f-2ed3-417d-8ff6-98067d067d0a,f0000000-0000-0000-0000-000000000006,8025,visualPuzzle,Choose your answer:,,"[""A"", ""B"", ""C"", ""D"", ""E"", ""F""]",2,pattern,4,f,25,2026-09-15 00:00:00+00,visual-placeholder,,,,,,,
04d4769e-fa49-4246-a49e-1cb330f22301,f0000000-0000-0000-0000-000000000006,8026,visualPuzzle,Choose your answer:,,"[""A"", ""B"", ""C"", ""D"", ""E"", ""F""]",3,logic,4,f,26,2026-09-15 00:00:00+00,visual-placeholder,,,,,,,
021009f1-d652-4d45-90f5-e1cfbd3890c4,f0000000-0000-0000-0000-000000000006,8027,visualPuzzle,Choose your answer:,,"[""A"", ""B"", ""C"", ""D"", ""E"", ""F""]",4,spatial,4,f,27,2026-09-15 00:00:00+00,visual-placeholder,,,,,,,
16035704-a693-4273-8b0a-cba018c08c99,f0000000-0000-0000-0000-000000000006,8028,visualPuzzle,Choose your answer:,,"[""A"", ""B"", ""C"", ""D"", ""E"", ""F""]",5,pattern,4,t,28,2026-09-15 00:00:00+00,visual-placeholder,,,,,,,
f9802499-54eb-4033-aaf1-4b491b8b469c,f0000000-0000-0000-0000-000000000006,8029,visualPuzzle,Choose your answer:,,"[""A"", ""B"", ""C"", ""D"", ""E"", ""F""]",0,logic,4,f,29,2026-09-15 00:00:00+00,visual-placeholder,,,,,,,
5b521064-446b-4fbb-b9dc-0c1387dab1a6,f0000000-0000-0000-0000-000000000006,8030,visualPuzzle,Choose your answer:,,"[""A"", ""B"", ""C"", ""D"", ""E"", ""F""]",1,spatial,4,f,30,2026-09-15 00:00:00+00,visual-placeholder,,,,,,,
af3df5c9-c1a7-4f74-ab0d-ca3fb9b72e3b,f0000000-0000-0000-0000-000000000006,8031,visualPuzzle,Choose your answer:,,"[""A"", ""B"", ""C"", ""D"", ""E"", ""F""]",2,pattern,4,t,31,2026-09-15 00:00:00+00,visual-placeholder,,,,,,,
5fa3546c-32ef-4e5c-9e9d-bc5c37c2338f,f0000000-0000-0000-0000-000000000006,8032,visualPuzzle,Choose your answer:,,"[""A"", ""B"", ""C"", ""D"", ""E"", ""F""]",3,logic,4,f,32,2026-09-15 00:00:00+00,visual-placeholder,,,,,,,
c511da09-2e90-4a83-b5bd-f06a689820d1,f0000000-0000-0000-0000-000000000006,8033,visualPuzzle,Choose your answer:,,"[""A"", ""B"", ""C"", ""D"", ""E"", ""F""]",4,spatial,5,f,33,2026-09-15 00:00:00+00,visual-placeholder,,,,,,,
6ebbfab1-d158-4593-939c-238f563cd755,f0000000-0000-0000-0000-000000000006,8034,visualPuzzle,Choose your answer:,,"[""A"", ""B"", ""C"", ""D"", ""E"", ""F""]",5,pattern,5,f,34,2026-09-15 00:00:00+00,visual-placeholder,,,,,,,
01ea99af-0ccd-48bc-97d1-736dfca8b410,f0000000-0000-0000-0000-000000000006,8035,visualPuzzle,Choose your answer:,,"[""A"", ""B"", ""C"", ""D"", ""E"", ""F""]",0,logic,5,t,35,2026-09-15 00:00:00+00,visual-placeholder,,,,,,,
c71b750b-7efd-4cf9-92f6-f4fb91b45c89,f0000000-0000-0000-0000-000000000006,8036,visualPuzzle,Choose your answer:,,"[""A"", ""B"", ""C"", ""D"", ""E"", ""F""]",1,spatial,5,f,36,2026-09-15 00:00:00+00,visual-placeholder,,,,,,,
80a1b2bd-379e-4731-8d51-ff328ce9a4ad,f0000000-0000-0000-0000-000000000006,8037,likert,I believe intelligence develops through continuous effort,,"[""Strongly Disagree"", ""Disagree"", ""Neutral"", ""Agree"", ""Strongly Agree""]",,self,5,f,37,2026-09-15 00:00:00+00,,,,,,,,
d0869616-159f-484d-93db-c634fd4c611c,f0000000-0000-0000-0000-000000000006,8038,likert,I often reflect on how I perform compared to others,,"[""Strongly Disagree"", ""Disagree"", ""Neutral"", ""Agree"", ""Strongly Agree""]",,self,5,t,38,2026-09-15 00:00:00+00,,,,,,,,
516a04c4-a032-4253-966d-7f6bb0733e0f,f0000000-0000-0000-0000-000000000006,8039,personal,What is your age?,,"[""18\u201325"", ""26\u201329"", ""30\u201344"", ""45\u201360"", ""61 or older""]",,self,5,f,39,2026-09-15 00:00:00+00,age,,,,,,,
7c526eb2-fa53-491b-b41f-565a7ddc3cde,f0000000-0000-0000-0000-000000000006,8040,personal,What is your education level?,,"[""Some High School"", ""High School Diploma"", ""College/Trade School"", ""Bachelor's Degree"", ""Graduate Degree""]",,self,5,f,40,2026-09-15 00:00:00+00,education,,,,,,,
622969c6-fda2-416e-a12c-59577068bce6,f0000000-0000-0000-0000-000000000007,9001,multipleChoice,A farmer has 17 sheep. All but 9 die. How many are left?,,"[""8"", ""9"", ""17"", ""0"", ""4""]",1,logic,1,f,1,2026-09-15 00:00:00+00,,,,,,,,
60afdacd-d659-49b0-8c38-6ccab97b51af,f0000000-0000-0000-0000-000000000007,9002,multipleChoice,You pass the person in 4th place. What place are you now?,,"[""2nd"", ""3rd"", ""4th"", ""5th"", ""1st""]",2,logic,1,f,2,2026-09-15 00:00:00+00,,,,,,,,
f7d24b70-2b07-4ffe-bc15-55c51ade1370,f0000000-0000-0000-0000-000000000007,9003,multipleChoice,How many edges does a cube have?,,"[""6"", ""8"", ""10"", ""12"", ""14""]",3,spatial,1,f,3,2026-09-15 00:00:00+00,,,,,,,,
a4e04321-9a34-44ea-bd21-6526a276a282,f0000000-0000-0000-0000-000000000007,9004,likert,I prefer learning through hands-on experience,,"[""Strongly Disagree"", ""Disagree"", ""Neutral"", ""Agree"", ""Strongly Agree""]",,self,1,f,4,2026-09-15 00:00:00+00,,,,,,,,
1cd60d72-735c-4187-b6af-4319ca7794d6,f0000000-0000-0000-0000-000000000007,9005,sequence,"What number comes next?
3, 6, 12, 24, ___",,"[""30"", ""32"", ""42"", ""48"", ""54""]",3,pattern,1,f,5,2026-09-15 00:00:00+00,,,,,,,,
b9085a2b-b3ec-4eaf-9278-908b027d8457,f0000000-0000-0000-0000-000000000007,9006,sequence,"What number is missing?
4, 8, 12, 16, ___, 24",,"[""18"", ""19"", ""20"", ""21"", ""22""]",2,pattern,1,f,6,2026-09-15 00:00:00+00,,,,,,,,
ace5027f-1f6c-4329-be36-0c32393c44a0,f0000000-0000-0000-0000-000000000007,9007,memorySequence,What was the 2nd digit?,,"[""6"", ""4"", ""8"", ""1"", ""7""]",1,speed,1,f,7,2026-09-15 00:00:00+00,timed-number,,"[""6"", ""4"", ""8"", ""7""]",4000,2,,,
6225f77d-b06a-4632-a74f-4e74f324f624,f0000000-0000-0000-0000-000000000007,9008,memorySequence,What was the 3rd digit?,,"[""9"", ""3"", ""7"", ""2"", ""5""]",2,speed,1,f,8,2026-09-15 00:00:00+00,timed-number,,"[""5"", ""9"", ""7"", ""3"", ""2""]",4000,3,,,
0e5538da-ad28-4111-b290-3c780cefb16c,f0000000-0000-0000-0000-000000000007,9009,memorySequence,What was the 4th digit?,,"[""8"", ""2"", ""6"", ""4"", ""9""]",1,speed,2,f,9,2026-09-15 00:00:00+00,timed-number,,"[""4"", ""8"", ""6"", ""2"", ""9"", ""1""]",4000,4,,,
086be11d-fbf2-4b7f-9df0-993a5f8fbd2f,f0000000-0000-0000-0000-000000000007,9010,likert,I easily visualize 3D objects in my mind,,"[""Strongly Disagree"", ""Disagree"", ""Neutral"", ""Agree"", ""Strongly Agree""]",,spatial,2,f,10,2026-09-15 00:00:00+00,,,,,,,,
bef3af6e-f5d7-40fc-b2af-aefe5bfa9d70,f0000000-0000-0000-0000-000000000007,9011,visualPuzzle,Choose your answer:,,"[""A"", ""B"", ""C"", ""D"", ""E"", ""F""]",0,spatial,2,t,11,2026-09-15 00:00:00+00,visual-placeholder,,,,,,,
1f1369f6-d9e0-4fc0-be93-cb3498a757fb,f0000000-0000-0000-0000-000000000007,9012,visualPuzzle,Choose your answer:,,"[""A"", ""B"", ""C"", ""D"", ""E"", ""F""]",1,pattern,2,f,12,2026-09-15 00:00:00+00,visual-placeholder,,,,,,,
04a98433-2d1c-48c1-b49c-ca9441d91a95,f0000000-0000-0000-0000-000000000007,9013,visualPuzzle,Choose your answer:,,"[""A"", ""B"", ""C"", ""D"", ""E"", ""F""]",2,logic,2,f,13,2026-09-15 00:00:00+00,visual-placeholder,,,,,,,
2e919e64-d234-4a06-9021-6ff9da69fc80,f0000000-0000-0000-0000-000000000007,9014,visualPuzzle,Choose your answer:,,"[""A"", ""B"", ""C"", ""D"", ""E"", ""F""]",3,spatial,2,f,14,2026-09-15 00:00:00+00,visual-placeholder,,,,,,,
9b0bef30-8f1e-42de-bdc1-ccf85169d4fd,f0000000-0000-0000-0000-000000000007,9015,visualPuzzle,Choose your answer:,,"[""A"", ""B"", ""C"", ""D"", ""E"", ""F""]",4,pattern,2,f,15,2026-09-15 00:00:00+00,visual-placeholder,,,,,,,
d0f10307-e194-4c78-8c0f-a9f39c0b9eff,f0000000-0000-0000-0000-000000000007,9016,visualPuzzle,Choose your answer:,,"[""A"", ""B"", ""C"", ""D"", ""E"", ""F""]",5,logic,2,f,16,2026-09-15 00:00:00+00,visual-placeholder,,,,,,,
d75928b5-913b-4627-868b-5290c7efcafb,f0000000-0000-0000-0000-000000000007,9017,visualPuzzle,Choose your answer:,,"[""A"", ""B"", ""C"", ""D"", ""E"", ""F""]",0,spatial,3,f,17,2026-09-15 00:00:00+00,visual-placeholder,,,,,,,
424cb1ce-ebe0-4a78-9b51-9538d2ea43b0,f0000000-0000-0000-0000-000000000007,9018,visualPuzzle,Choose your answer:,,"[""A"", ""B"", ""C"", ""D"", ""E"", ""F""]",1,pattern,3,f,18,2026-09-15 00:00:00+00,visual-placeholder,,,,,,,
65e29be1-bf3d-4c7d-91ee-ab4e9ae97d51,f0000000-0000-0000-0000-000000000007,9019,visualPuzzle,Choose your answer:,,"[""A"", ""B"", ""C"", ""D"", ""E"", ""F""]",2,logic,3,f,19,2026-09-15 00:00:00+00,visual-placeholder,,,,,,,
a62ae0ca-9003-4ae3-8477-efdb7e30f9a6,f0000000-0000-0000-0000-000000000007,9020,visualPuzzle,Choose your answer:,,"[""A"", ""B"", ""C"", ""D"", ""E"", ""F""]",3,spatial,3,f,20,2026-09-15 00:00:00+00,visual-placeholder,,,,,,,
ce8d9c9d-dcc7-4717-b505-4b9d6106c048,f0000000-0000-0000-0000-000000000007,9021,visualPuzzle,Choose your answer:,,"[""A"", ""B"", ""C"", ""D"", ""E"", ""F""]",4,pattern,3,f,21,2026-09-15 00:00:00+00,visual-placeholder,,,,,,,
19f4f370-0378-411d-b0b8-94d7f0c1b222,f0000000-0000-0000-0000-000000000007,9022,visualPuzzle,Choose your answer:,,"[""A"", ""B"", ""C"", ""D"", ""E"", ""F""]",5,logic,3,t,22,2026-09-15 00:00:00+00,visual-placeholder,,,,,,,
ebd55803-7cbd-4405-863c-47182f9ad0d4,f0000000-0000-0000-0000-000000000007,9023,visualPuzzle,Choose your answer:,,"[""A"", ""B"", ""C"", ""D"", ""E"", ""F""]",0,spatial,3,f,23,2026-09-15 00:00:00+00,visual-placeholder,,,,,,,
a49ac8c5-b54e-4d8a-a7d5-da67f74c8a26,f0000000-0000-0000-0000-000000000007,9024,multipleChoice,Which word did we ask you to remember at the start?,,"[""Focus"", ""Logic"", ""Reason"", ""Insight"", ""Memory""]",3,speed,3,f,24,2026-09-15 00:00:00+00,word-recall,,,,,,,
6235d5b2-fc4e-4450-b720-14793a67005f,f0000000-0000-0000-0000-000000000007,9025,visualPuzzle,Choose your answer:,,"[""A"", ""B"", ""C"", ""D"", ""E"", ""F""]",2,pattern,4,f,25,2026-09-15 00:00:00+00,visual-placeholder,,,,,,,
f4bf9425-8607-402e-b3fa-dc4a3c0eaff9,f0000000-0000-0000-0000-000000000007,9026,visualPuzzle,Choose your answer:,,"[""A"", ""B"", ""C"", ""D"", ""E"", ""F""]",3,logic,4,f,26,2026-09-15 00:00:00+00,visual-placeholder,,,,,,,
0ccc747d-b720-48ab-b882-8f4cc59dd119,f0000000-0000-0000-0000-000000000007,9027,visualPuzzle,Choose your answer:,,"[""A"", ""B"", ""C"", ""D"", ""E"", ""F""]",4,spatial,4,f,27,2026-09-15 00:00:00+00,visual-placeholder,,,,,,,
0f2dc851-b3a5-48d8-ac79-06993b0b1584,f0000000-0000-0000-0000-000000000007,9028,visualPuzzle,Choose your answer:,,"[""A"", ""B"", ""C"", ""D"", ""E"", ""F""]",5,pattern,4,t,28,2026-09-15 00:00:00+00,visual-placeholder,,,,,,,
88ce7e0d-2440-429f-a70d-b49393362946,f0000000-0000-0000-0000-000000000007,9029,visualPuzzle,Choose your answer:,,"[""A"", ""B"", ""C"", ""D"", ""E"", ""F""]",0,logic,4,f,29,2026-09-15 00:00:00+00,visual-placeholder,,,,,,,
e5914123-c30f-43e4-b473-757da001f1f8,f0000000-0000-0000-0000-000000000007,9030,visualPuzzle,Choose your answer:,,"[""A"", ""B"", ""C"", ""D"", ""E"", ""F""]",1,spatial,4,f,30,2026-09-15 00:00:00+00,visual-placeholder,,,,,,,
e7d71439-f7f3-4881-996f-c96df8980afb,f0000000-0000-0000-0000-000000000007,9031,visualPuzzle,Choose your answer:,,"[""A"", ""B"", ""C"", ""D"", ""E"", ""F""]",2,pattern,4,t,31,2026-09-15 00:00:00+00,visual-placeholder,,,,,,,
8c26a0f8-cb34-457f-9541-f1f553285c00,f0000000-0000-0000-0000-000000000007,9032,visualPuzzle,Choose your answer:,,"[""A"", ""B"", ""C"", ""D"", ""E"", ""F""]",3,logic,4,f,32,2026-09-15 00:00:00+00,visual-placeholder,,,,,,,
2d5d3b42-3f34-4877-b8d9-e9eba4217d5a,f0000000-0000-0000-0000-000000000007,9033,visualPuzzle,Choose your answer:,,"[""A"", ""B"", ""C"", ""D"", ""E"", ""F""]",4,spatial,5,f,33,2026-09-15 00:00:00+00,visual-placeholder,,,,,,,
c24071ef-cc0b-4f54-ae75-d32178ae0eae,f0000000-0000-0000-0000-000000000007,9034,visualPuzzle,Choose your answer:,,"[""A"", ""B"", ""C"", ""D"", ""E"", ""F""]",5,pattern,5,f,34,2026-09-15 00:00:00+00,visual-placeholder,,,,,,,
38d126be-24fc-4a87-9466-ba5741e7d8a0,f0000000-0000-0000-0000-000000000007,9035,visualPuzzle,Choose your answer:,,"[""A"", ""B"", ""C"", ""D"", ""E"", ""F""]",0,logic,5,t,35,2026-09-15 00:00:00+00,visual-placeholder,,,,,,,
eb6c8156-3887-42ef-b38e-2f885c580ddd,f0000000-0000-0000-0000-000000000007,9036,visualPuzzle,Choose your answer:,,"[""A"", ""B"", ""C"", ""D"", ""E"", ""F""]",1,spatial,5,f,36,2026-09-15 00:00:00+00,visual-placeholder,,,,,,,
b3d9329f-53bb-4946-87ef-0f7d5b8085e2,f0000000-0000-0000-0000-000000000007,9037,likert,I believe intelligence develops through continuous effort,,"[""Strongly Disagree"", ""Disagree"", ""Neutral"", ""Agree"", ""Strongly Agree""]",,self,5,f,37,2026-09-15 00:00:00+00,,,,,,,,
cff2c53c-9ca8-477a-8612-92cd610bc0cc,f0000000-0000-0000-0000-000000000007,9038,likert,I often reflect on how I perform compared to others,,"[""Strongly Disagree"", ""Disagree"", ""Neutral"", ""Agree"", ""Strongly Agree""]",,self,5,t,38,2026-09-15 00:00:00+00,,,,,,,,
31e9b030-1a59-4abc-91cc-16699985b790,f0000000-0000-0000-0000-000000000007,9039,personal,What is your age?,,"[""18\u201325"", ""26\u201329"", ""30\u201344"", ""45\u201360"", ""61 or older""]",,self,5,f,39,2026-09-15 00:00:00+00,age,,,,,,,
680ca7b5-fdd1-4efa-8bb1-49902276326a,f0000000-0000-0000-0000-000000000007,9040,personal,What is your education level?,,"[""Some High School"", ""High School Diploma"", ""College/Trade School"", ""Bachelor's Degree"", ""Graduate Degree""]",,self,5,f,40,2026-09-15 00:00:00+00,education,,,,,,,
6e238e65-34e6-5e31-9a80-a5494f8ee3a5,f0000000-0000-0000-0000-000000000005,3,multipleChoice,A farmer has 17 sheep. All but 9 run away. How many are left?,,"[""8"", ""9"", ""7"", ""17"", ""0""]",1,speed,1,f,3,2026-07-24 21:56:03.873952+00,quick recall,,,,,,,
e7d3fde1-ff1b-53c7-ab45-7fde9e36c057,f0000000-0000-0000-0000-000000000005,4,multipleChoice,How many sides does a hexagon have?,,"[""5"", ""6"", ""4"", ""7"", ""8""]",1,logic,1,f,4,2026-07-24 21:56:03.873952+00,metacognition,,,,,,,
4ac15dba-9a75-523f-bc46-99a89ec65fe7,f0000000-0000-0000-0000-000000000005,5,likert,I enjoy solving problems and puzzles,,"[""Strongly Disagree"", ""Disagree"", ""Neutral"", ""Agree"", ""Strongly Agree""]",,logic,1,f,5,2026-07-24 21:56:03.873952+00,numeric sequence,,,,,,,
abc8d96f-dfc3-5d37-9984-7dc87d399af1,f0000000-0000-0000-0000-000000000005,1,likert,I like challenges that reveal how I think.,,"[""Strongly Disagree"", ""Disagree"", ""Neutral"", ""Agree"", ""Strongly Agree""]",,self,1,f,1,2026-07-24 21:56:03.873952+00,self-efficacy,,,,,,,
a07ae799-0bd4-5b91-b667-e77c565d0e6f,f0000000-0000-0000-0000-000000000005,2,likert,I often find patterns in things around me.,,"[""Strongly disagree"", ""Disagree"", ""Neutral"", ""Agree"", ""Strongly agree""]",,pattern,1,f,2,2026-07-24 21:56:03.873952+00,deductive reasoning,,,,,,,
b0ce6f40-815c-547c-91be-c24ed4f851fa,f0000000-0000-0000-0000-000000000005,6,sequence,"2, 4, 6, 8, ___

What number completes the pattern?",,"[""8"", ""9"", ""10"", ""11"", ""12""]",2,logic,2,f,6,2026-07-24 21:56:03.873952+00,arithmetic reasoning,,,,,,,
6c345e92-fcf0-524a-bad9-a03f748d953e,f0000000-0000-0000-0000-000000000005,7,sequence,"1, 3, 6, 10, ___

What number completes the pattern?",,"[""11"", ""12"", ""13"", ""14"", ""15""]",4,pattern,2,f,7,2026-07-24 21:56:03.873952+00,verbal analogy,,,,,,,
aad8b65e-d340-5228-853d-bc00eb0ee374,f0000000-0000-0000-0000-000000000005,8,analogy,"7, 14, 21, ___, 35

What number is missing?",,"[""24"", ""26"", ""28"", ""30"", ""32""]",2,pattern,2,f,8,2026-07-24 21:56:03.873952+00,verbal analogy,,,,,,,
203dfd46-21b5-546d-bb0d-a6762996eaf0,f0000000-0000-0000-0000-000000000005,9,multiple_choice,Bird is to nest as bee is to:,,"[""Honey"", ""Flower"", ""Hive"", ""Wing"", ""Insect""]",2,self,1,f,9,2026-07-24 21:56:03.873952+00,attention,,,,,,,
6ffedc77-6db5-5b4e-aa8a-e89b8b63d882,f0000000-0000-0000-0000-000000000005,10,multiple_choice,Pen is to writing as knife is to:,,"[""Kitchen"", ""Spoon"", ""Cutting"", ""Plate"", ""Food""]",2,self,1,f,10,2026-07-24 21:56:03.873952+00,spatial self-assessment,,,,,,,
26daaac3-4273-51d4-b3d3-e79663312f75,f0000000-0000-0000-0000-000000000005,11,likert,I often notice patterns that others miss.,,"[""Strongly Disagree"", ""Disagree"", ""Neutral"", ""Agree"", ""Strongly Agree""]",,spatial,1,f,11,2026-07-24 21:56:03.873952+00,grid completion,,,,,,,
a9029490-3a42-5844-8952-382057fec4b2,f0000000-0000-0000-0000-000000000005,12,likert,I can quickly understand complex diagrams or charts.,,"[""Strongly Disagree"", ""Disagree"", ""Neutral"", ""Agree"", ""Strongly Agree""]",,spatial,1,f,12,2026-07-24 21:56:03.873952+00,directional pattern,,,,,,,
aa024009-d0fc-58b3-99d7-46552db10bfe,f0000000-0000-0000-0000-000000000005,14,visualPuzzle,Choose your answer:,static_q14,"[""A"", ""B"", ""C"", ""D"", ""E"", ""F""]",4,spatial,2,t,13,2026-07-24 21:56:03.873952+00,tiling,,,,,,,
aba48ff6-eb1d-5780-bb80-49cb8a462f1f,f0000000-0000-0000-0000-000000000005,16,visualPuzzle,Choose your answer:,static_q16,"[""A"", ""B"", ""C"", ""D"", ""E"", ""F""]",0,spatial,2,f,14,2026-07-24 21:56:03.873952+00,fragment matching,,,,,,,
85655dbb-850a-515c-8f3f-78ed6197a8f5,f0000000-0000-0000-0000-000000000005,17,visualPuzzle,Choose your answer:,static_q17,"[""A"", ""B"", ""C"", ""D"", ""E"", ""F""]",2,pattern,2,f,15,2026-07-24 21:56:03.873952+00,attribute matrix,,,,,,,
3a0fe60c-7033-5759-91bc-4dc40035df83,f0000000-0000-0000-0000-000000000005,18,visualPuzzle,Choose your answer:,static_q18,"[""A"", ""B"", ""C"", ""D"", ""E"", ""F""]",2,pattern,3,f,16,2026-07-24 21:56:03.873952+00,attribute matrix,,,,,,,
28c94433-9e5d-56be-b544-ae692e2cea6b,f0000000-0000-0000-0000-000000000005,19,visualPuzzle,Choose your answer:,static_q19,"[""A"", ""B"", ""C"", ""D"", ""E"", ""F""]",0,pattern,3,f,17,2026-07-24 21:56:03.873952+00,attribute matrix,,,,,,,
862cac82-9e48-54d7-b721-bc9771634536,f0000000-0000-0000-0000-000000000005,20,visualPuzzle,Choose your answer:,static_q20,"[""A"", ""B"", ""C"", ""D"", ""E"", ""F""]",3,pattern,3,t,18,2026-07-24 21:56:03.873952+00,attribute matrix,,,,,,,
dd8eb985-0a7e-5f21-b5b7-34945cbaec0c,f0000000-0000-0000-0000-000000000005,21,visualPuzzle,Choose your answer:,static_q21,"[""A"", ""B"", ""C"", ""D"", ""E"", ""F""]",0,logic,2,f,19,2026-07-24 21:56:03.873952+00,shape transformation,,,,,,,
73327af6-847d-59bd-97b7-482e59d92539,f0000000-0000-0000-0000-000000000005,22,visualPuzzle,Choose your answer:,static_q22,"[""A"", ""B"", ""C"", ""D"", ""E"", ""F""]",2,spatial,2,f,20,2026-07-24 21:56:03.873952+00,dimensional transform,,,,,,,
e348498b-c014-5e9b-9c88-e13d00f392f3,f0000000-0000-0000-0000-000000000005,23,visualPuzzle,Choose your answer:,static_q23,"[""A"", ""B"", ""C"", ""D"", ""E"", ""F""]",1,pattern,1,f,21,2026-07-24 21:56:03.873952+00,nested rule extraction,,,,,,,
9f865148-dd2b-5f8a-9608-79bfecc498f9,f0000000-0000-0000-0000-000000000005,24,visualPuzzle,Choose your answer:,static_q24,"[""A"", ""B"", ""C"", ""D"", ""E"", ""F""]",2,pattern,2,f,22,2026-07-24 21:56:03.873952+00,quantitative pattern,,,,,,,
9b22535a-1d6f-57d8-aade-990419847d2c,f0000000-0000-0000-0000-000000000005,25,visualPuzzle,Choose your answer:,static_q25,"[""A"", ""B"", ""C"", ""D"", ""E"", ""F""]",0,pattern,3,f,23,2026-07-24 21:56:03.873952+00,feature permutation,,,,,,,
7ef9ff6c-d70e-57a8-8602-772569bd0054,f0000000-0000-0000-0000-000000000005,26,visualPuzzle,Choose your answer:,static_q26,"[""A"", ""B"", ""C"", ""D"", ""E"", ""F""]",1,pattern,2,f,24,2026-07-24 21:56:03.873952+00,division rule,,,,,,,
47decbc9-69c6-5249-91a0-fbf94e89ff8b,f0000000-0000-0000-0000-000000000005,27,visualPuzzle,Choose your answer:,static_q27,"[""A"", ""B"", ""C"", ""D"", ""E"", ""F""]",2,pattern,4,f,25,2026-07-24 21:56:03.873952+00,multi-attribute,,,,,,,
e427265c-2020-5ae4-8b00-3bc4d20cf613,f0000000-0000-0000-0000-000000000005,28,visualPuzzle,Choose your answer:,static_q28,"[""A"", ""B"", ""C"", ""D"", ""E"", ""F""]",2,spatial,3,f,26,2026-07-24 21:56:03.873952+00,rotation,,,,,,,
b2bda7f3-d95f-5de5-820e-12623d6f9dc8,f0000000-0000-0000-0000-000000000005,29,visualPuzzle,Choose your answer:,static_q29,"[""A"", ""B"", ""C"", ""D"", ""E"", ""F""]",4,logic,2,f,27,2026-07-24 21:56:03.873952+00,numeric sequence,,,,,,,
b632109d-d9b3-5748-9f3f-a62b512fc62d,f0000000-0000-0000-0000-000000000005,30,visualPuzzle,Choose your answer:,static_q30,"[""A"", ""B"", ""C"", ""D"", ""E"", ""F""]",5,pattern,3,f,28,2026-07-24 21:56:03.873952+00,symbolic logic,,,,,,,
ea9b51ed-d0a7-5636-a846-5fb88f92da84,f0000000-0000-0000-0000-000000000005,31,visualPuzzle,Choose your answer:,static_q31,"[""A"", ""B"", ""C"", ""D"", ""E"", ""F""]",1,pattern,2,f,29,2026-07-24 21:56:03.873952+00,compound transformation,,,,,,,
54c75ac8-2f5b-57f5-8315-d6dde406899f,f0000000-0000-0000-0000-000000000005,32,visualPuzzle,Choose your answer:,static_q32,"[""A"", ""B"", ""C"", ""D"", ""E"", ""F""]",0,spatial,3,f,30,2026-07-24 21:56:03.873952+00,rotation,,,,,,,
7c9e1d0f-f386-5e8d-838f-344fab551aa5,f0000000-0000-0000-0000-000000000005,33,visualPuzzle,Choose your answer:,static_q33,"[""A"", ""B"", ""C"", ""D"", ""E"", ""F""]",4,logic,3,t,31,2026-07-24 21:56:03.873952+00,multi-rule deduction,,,,,,,
95f1507e-8f0a-500c-ba08-e0169da087bc,f0000000-0000-0000-0000-000000000005,34,visualPuzzle,Choose your answer:,static_q34,"[""A"", ""B"", ""C"", ""D"", ""E"", ""F""]",4,spatial,4,f,32,2026-07-24 21:56:03.873952+00,mental rotation,,,,,,,
27adf19c-a375-558e-b7e3-5359ce1011bd,f0000000-0000-0000-0000-000000000005,35,visualPuzzle,Choose your answer:,static_q35,"[""A"", ""B"", ""C"", ""D"", ""E"", ""F""]",0,spatial,5,t,33,2026-07-24 21:56:03.873952+00,complex spatial,,,,,,,
0893233d-78c6-50bd-9c84-f0fabd8dda4e,f0000000-0000-0000-0000-000000000005,36,likert,I believe intelligence can be developed in different ways,,"[""Strongly Disagree"", ""Disagree"", ""Neutral"", ""Agree"", ""Strongly Agree""]",,self,1,f,34,2026-07-24 21:56:03.873952+00,growth mindset,,,,,,,
930aca9d-e59b-5bd5-98fb-95c2d5767a4c,f0000000-0000-0000-0000-000000000005,37,personal,What is your age?,,"[""Under 18"", ""18-24"", ""25-34"", ""35-44"", ""45+""]",,self,1,f,35,2026-07-24 21:56:03.873952+00,demographic,,,,,,,
8f3b7dbe-f1f0-5622-ba32-ce9e5be782db,f0000000-0000-0000-0000-000000000005,38,personal,What is your education level?,,"[""High School"", ""Some College"", ""Bachelor's Degree"", ""Master's Degree"", ""Doctorate""]",,self,1,f,36,2026-07-24 21:56:03.873952+00,demographic,,,,,,,
d9f7627e-1fd9-541e-bb14-99fd496cf71e,f0000000-0000-0000-0000-000000000008,3,multipleChoice,A farmer has 17 sheep. All but 9 run away. How many are left?,,"[""8"", ""9"", ""7"", ""17"", ""0""]",1,speed,1,f,3,2026-07-24 21:56:03.873952+00,quick recall,,,,,,,
7bba4906-b7fe-5ecd-86e4-cd56ecf50454,f0000000-0000-0000-0000-000000000008,4,multipleChoice,How many sides does a hexagon have?,,"[""5"", ""6"", ""4"", ""7"", ""8""]",1,logic,1,f,4,2026-07-24 21:56:03.873952+00,metacognition,,,,,,,
2c44d489-4c79-54dd-86f7-c5171d5279e0,f0000000-0000-0000-0000-000000000008,5,likert,I enjoy solving problems and puzzles,,"[""Strongly Disagree"", ""Disagree"", ""Neutral"", ""Agree"", ""Strongly Agree""]",,logic,1,f,5,2026-07-24 21:56:03.873952+00,numeric sequence,,,,,,,
7ef63640-d662-5ca1-ae07-974de4fc1d94,f0000000-0000-0000-0000-000000000008,1,likert,I like challenges that reveal how I think.,,"[""Strongly Disagree"", ""Disagree"", ""Neutral"", ""Agree"", ""Strongly Agree""]",,self,1,f,1,2026-07-24 21:56:03.873952+00,self-efficacy,,,,,,,
98523479-2461-5188-8767-92b61e78f9e6,f0000000-0000-0000-0000-000000000008,2,likert,I often find patterns in things around me.,,"[""Strongly disagree"", ""Disagree"", ""Neutral"", ""Agree"", ""Strongly agree""]",,pattern,1,f,2,2026-07-24 21:56:03.873952+00,deductive reasoning,,,,,,,
743161ba-18ad-5036-873a-c7959eedeba9,f0000000-0000-0000-0000-000000000008,6,sequence,"2, 4, 6, 8, ___

What number completes the pattern?",,"[""8"", ""9"", ""10"", ""11"", ""12""]",2,logic,2,f,6,2026-07-24 21:56:03.873952+00,arithmetic reasoning,,,,,,,
af195889-dc00-598a-8919-1455c9be142f,f0000000-0000-0000-0000-000000000008,7,sequence,"1, 3, 6, 10, ___

What number completes the pattern?",,"[""11"", ""12"", ""13"", ""14"", ""15""]",4,pattern,2,f,7,2026-07-24 21:56:03.873952+00,verbal analogy,,,,,,,
c6ecf4e0-0b36-5209-8348-813d323313bb,f0000000-0000-0000-0000-000000000008,8,analogy,"7, 14, 21, ___, 35

What number is missing?",,"[""24"", ""26"", ""28"", ""30"", ""32""]",2,pattern,2,f,8,2026-07-24 21:56:03.873952+00,verbal analogy,,,,,,,
a342d57a-b637-5802-8320-dee3f332619a,f0000000-0000-0000-0000-000000000008,9,multiple_choice,Bird is to nest as bee is to:,,"[""Honey"", ""Flower"", ""Hive"", ""Wing"", ""Insect""]",2,self,1,f,9,2026-07-24 21:56:03.873952+00,attention,,,,,,,
5050c255-8d05-5387-bafe-a9803e8703ca,f0000000-0000-0000-0000-000000000008,10,multiple_choice,Pen is to writing as knife is to:,,"[""Kitchen"", ""Spoon"", ""Cutting"", ""Plate"", ""Food""]",2,self,1,f,10,2026-07-24 21:56:03.873952+00,spatial self-assessment,,,,,,,
0805ffa6-fccb-509e-8e04-70a6a4c5d743,f0000000-0000-0000-0000-000000000008,11,likert,I often notice patterns that others miss.,,"[""Strongly Disagree"", ""Disagree"", ""Neutral"", ""Agree"", ""Strongly Agree""]",,spatial,1,f,11,2026-07-24 21:56:03.873952+00,grid completion,,,,,,,
7a0a6a39-bbb8-5ef7-a2a4-4a87e0782493,f0000000-0000-0000-0000-000000000008,12,likert,I can quickly understand complex diagrams or charts.,,"[""Strongly Disagree"", ""Disagree"", ""Neutral"", ""Agree"", ""Strongly Agree""]",,spatial,1,f,12,2026-07-24 21:56:03.873952+00,directional pattern,,,,,,,
896f36a9-6e04-5122-8ea7-1f43dd4a1be6,f0000000-0000-0000-0000-000000000008,14,visualPuzzle,Choose your answer:,static_q14,"[""A"", ""B"", ""C"", ""D"", ""E"", ""F""]",4,spatial,2,t,13,2026-07-24 21:56:03.873952+00,tiling,,,,,,,
0a0b2edd-1215-5701-b211-3541dbcfd868,f0000000-0000-0000-0000-000000000008,16,visualPuzzle,Choose your answer:,static_q16,"[""A"", ""B"", ""C"", ""D"", ""E"", ""F""]",0,spatial,2,f,14,2026-07-24 21:56:03.873952+00,fragment matching,,,,,,,
92ad4905-935c-5810-b0ec-048ee3f49fef,f0000000-0000-0000-0000-000000000008,17,visualPuzzle,Choose your answer:,static_q17,"[""A"", ""B"", ""C"", ""D"", ""E"", ""F""]",2,pattern,2,f,15,2026-07-24 21:56:03.873952+00,attribute matrix,,,,,,,
a437e676-99c0-5428-9509-8932bc278d65,f0000000-0000-0000-0000-000000000008,18,visualPuzzle,Choose your answer:,static_q18,"[""A"", ""B"", ""C"", ""D"", ""E"", ""F""]",2,pattern,3,f,16,2026-07-24 21:56:03.873952+00,attribute matrix,,,,,,,
5b4668cd-5ac6-59bd-903e-16785199a75b,f0000000-0000-0000-0000-000000000008,19,visualPuzzle,Choose your answer:,static_q19,"[""A"", ""B"", ""C"", ""D"", ""E"", ""F""]",0,pattern,3,f,17,2026-07-24 21:56:03.873952+00,attribute matrix,,,,,,,
0183c3c4-8256-5591-9d4f-9e6cde6b3df3,f0000000-0000-0000-0000-000000000008,20,visualPuzzle,Choose your answer:,static_q20,"[""A"", ""B"", ""C"", ""D"", ""E"", ""F""]",3,pattern,3,t,18,2026-07-24 21:56:03.873952+00,attribute matrix,,,,,,,
b4bbe7a2-41fc-5a0a-b7c9-dc03d7c38bd9,f0000000-0000-0000-0000-000000000008,21,visualPuzzle,Choose your answer:,static_q21,"[""A"", ""B"", ""C"", ""D"", ""E"", ""F""]",0,logic,2,f,19,2026-07-24 21:56:03.873952+00,shape transformation,,,,,,,
f174b956-8cf4-54c3-a216-127eb5aa82f5,f0000000-0000-0000-0000-000000000008,22,visualPuzzle,Choose your answer:,static_q22,"[""A"", ""B"", ""C"", ""D"", ""E"", ""F""]",2,spatial,2,f,20,2026-07-24 21:56:03.873952+00,dimensional transform,,,,,,,
c29b7436-3abc-585a-a17f-c9187edf4519,f0000000-0000-0000-0000-000000000008,23,visualPuzzle,Choose your answer:,static_q23,"[""A"", ""B"", ""C"", ""D"", ""E"", ""F""]",1,pattern,1,f,21,2026-07-24 21:56:03.873952+00,nested rule extraction,,,,,,,
64edd0c9-afd7-5889-b3b4-55fcdeafbcd7,f0000000-0000-0000-0000-000000000008,24,visualPuzzle,Choose your answer:,static_q24,"[""A"", ""B"", ""C"", ""D"", ""E"", ""F""]",2,pattern,2,f,22,2026-07-24 21:56:03.873952+00,quantitative pattern,,,,,,,
b3a90e32-5a74-5fb4-9ccc-a16aa7a6f93b,f0000000-0000-0000-0000-000000000008,25,visualPuzzle,Choose your answer:,static_q25,"[""A"", ""B"", ""C"", ""D"", ""E"", ""F""]",0,pattern,3,f,23,2026-07-24 21:56:03.873952+00,feature permutation,,,,,,,
8da31661-4ec5-5cda-b8f0-e21c80bd8e50,f0000000-0000-0000-0000-000000000008,26,visualPuzzle,Choose your answer:,static_q26,"[""A"", ""B"", ""C"", ""D"", ""E"", ""F""]",1,pattern,2,f,24,2026-07-24 21:56:03.873952+00,division rule,,,,,,,
3c2912f3-89e5-5021-a64c-0962268803b6,f0000000-0000-0000-0000-000000000008,27,visualPuzzle,Choose your answer:,static_q27,"[""A"", ""B"", ""C"", ""D"", ""E"", ""F""]",2,pattern,4,f,25,2026-07-24 21:56:03.873952+00,multi-attribute,,,,,,,
2882b51a-f3fd-59e0-9756-de46f2234b3d,f0000000-0000-0000-0000-000000000008,28,visualPuzzle,Choose your answer:,static_q28,"[""A"", ""B"", ""C"", ""D"", ""E"", ""F""]",2,spatial,3,f,26,2026-07-24 21:56:03.873952+00,rotation,,,,,,,
88f069d8-0611-5f96-bfe6-9fb591074870,f0000000-0000-0000-0000-000000000008,29,visualPuzzle,Choose your answer:,static_q29,"[""A"", ""B"", ""C"", ""D"", ""E"", ""F""]",4,logic,2,f,27,2026-07-24 21:56:03.873952+00,numeric sequence,,,,,,,
8bf27251-9d51-5348-84f5-790686b82fee,f0000000-0000-0000-0000-000000000008,30,visualPuzzle,Choose your answer:,static_q30,"[""A"", ""B"", ""C"", ""D"", ""E"", ""F""]",5,pattern,3,f,28,2026-07-24 21:56:03.873952+00,symbolic logic,,,,,,,
27c2d4c7-381b-5a31-98f2-1ff6622dac48,f0000000-0000-0000-0000-000000000008,31,visualPuzzle,Choose your answer:,static_q31,"[""A"", ""B"", ""C"", ""D"", ""E"", ""F""]",1,pattern,2,f,29,2026-07-24 21:56:03.873952+00,compound transformation,,,,,,,
a28dab1b-910a-5cc4-8def-fe7cf2e84572,f0000000-0000-0000-0000-000000000008,32,visualPuzzle,Choose your answer:,static_q32,"[""A"", ""B"", ""C"", ""D"", ""E"", ""F""]",0,spatial,3,f,30,2026-07-24 21:56:03.873952+00,rotation,,,,,,,
1e874006-360e-5f28-a101-5b5ced427c52,f0000000-0000-0000-0000-000000000008,33,visualPuzzle,Choose your answer:,static_q33,"[""A"", ""B"", ""C"", ""D"", ""E"", ""F""]",4,logic,3,t,31,2026-07-24 21:56:03.873952+00,multi-rule deduction,,,,,,,
23c6a757-0a49-5ebb-a3b8-8117b737c9e2,f0000000-0000-0000-0000-000000000008,34,visualPuzzle,Choose your answer:,static_q34,"[""A"", ""B"", ""C"", ""D"", ""E"", ""F""]",4,spatial,4,f,32,2026-07-24 21:56:03.873952+00,mental rotation,,,,,,,
b2f47d89-8c48-5b8a-9ea8-6cbd22bee40d,f0000000-0000-0000-0000-000000000008,35,visualPuzzle,Choose your answer:,static_q35,"[""A"", ""B"", ""C"", ""D"", ""E"", ""F""]",0,spatial,5,t,33,2026-07-24 21:56:03.873952+00,complex spatial,,,,,,,
415841e0-769e-5636-8862-d6325f0fdf45,f0000000-0000-0000-0000-000000000008,36,likert,I believe intelligence can be developed in different ways,,"[""Strongly Disagree"", ""Disagree"", ""Neutral"", ""Agree"", ""Strongly Agree""]",,self,1,f,34,2026-07-24 21:56:03.873952+00,growth mindset,,,,,,,
34ae76f5-d343-58fe-8a9c-54ffb6865e92,f0000000-0000-0000-0000-000000000008,37,personal,What is your age?,,"[""Under 18"", ""18-24"", ""25-34"", ""35-44"", ""45+""]",,self,1,f,35,2026-07-24 21:56:03.873952+00,demographic,,,,,,,
10b927a7-5cfd-5da9-bf5f-361de293b862,f0000000-0000-0000-0000-000000000008,38,personal,What is your education level?,,"[""High School"", ""Some College"", ""Bachelor's Degree"", ""Master's Degree"", ""Doctorate""]",,self,1,f,36,2026-07-24 21:56:03.873952+00,demographic,,,,,,,
